ISO-10303-21;
HEADER;
FILE_DESCRIPTION(('ViewDefinition[DesignTransferView]'),'2;1');
FILE_NAME('s03-activity.ifc','2026-10-10T20:37:04+08:00',(''),(''),'IfcOpenShell 0.8.5-post1','Bonsai 0.8.5-post1','Nobody');
FILE_SCHEMA(('IFC4'));
ENDSEC;
DATA;
#1=IFCPROJECT('3XytcXws5E$fbaf73397T0',$,'My Project',$,$,$,$,(#10,#22),#5);
#2=IFCSIUNIT(*,.LENGTHUNIT.,$,.METRE.);
#3=IFCSIUNIT(*,.AREAUNIT.,$,.SQUARE_METRE.);
#4=IFCSIUNIT(*,.VOLUMEUNIT.,$,.CUBIC_METRE.);
#5=IFCUNITASSIGNMENT((#2,#3,#4));
#6=IFCCARTESIANPOINT((0.,0.,0.));
#7=IFCDIRECTION((0.,0.,1.));
#8=IFCDIRECTION((1.,0.,0.));
#9=IFCAXIS2PLACEMENT3D(#6,#7,#8);
#10=IFCGEOMETRICREPRESENTATIONCONTEXT($,'Model',3,1.0000000000000001E-05,#9,$);
#11=IFCGEOMETRICREPRESENTATIONSUBCONTEXT('Body','Model',*,*,*,*,#10,$,.MODEL_VIEW.,$);
#12=IFCGEOMETRICREPRESENTATIONSUBCONTEXT('Axis','Model',*,*,*,*,#10,$,.GRAPH_VIEW.,$);
#13=IFCGEOMETRICREPRESENTATIONSUBCONTEXT('Box','Model',*,*,*,*,#10,$,.MODEL_VIEW.,$);
#14=IFCGEOMETRICREPRESENTATIONSUBCONTEXT('Annotation','Model',*,*,*,*,#10,$,.SECTION_VIEW.,$);
#15=IFCGEOMETRICREPRESENTATIONSUBCONTEXT('Annotation','Model',*,*,*,*,#10,$,.ELEVATION_VIEW.,$);
#16=IFCGEOMETRICREPRESENTATIONSUBCONTEXT('Annotation','Model',*,*,*,*,#10,$,.MODEL_VIEW.,$);
#17=IFCGEOMETRICREPRESENTATIONSUBCONTEXT('Annotation','Model',*,*,*,*,#10,$,.PLAN_VIEW.,$);
#18=IFCGEOMETRICREPRESENTATIONSUBCONTEXT('Profile','Model',*,*,*,*,#10,$,.ELEVATION_VIEW.,$);
#19=IFCCARTESIANPOINT((0.,0.));
#20=IFCDIRECTION((1.,0.));
#21=IFCAXIS2PLACEMENT2D(#19,#20);
#22=IFCGEOMETRICREPRESENTATIONCONTEXT($,'Plan',2,1.0000000000000001E-05,#21,$);
#23=IFCGEOMETRICREPRESENTATIONSUBCONTEXT('Axis','Plan',*,*,*,*,#22,$,.GRAPH_VIEW.,$);
#24=IFCGEOMETRICREPRESENTATIONSUBCONTEXT('Body','Plan',*,*,*,*,#22,$,.PLAN_VIEW.,$);
#25=IFCGEOMETRICREPRESENTATIONSUBCONTEXT('Annotation','Plan',*,*,*,*,#22,$,.PLAN_VIEW.,$);
#26=IFCGEOMETRICREPRESENTATIONSUBCONTEXT('Annotation','Plan',*,*,*,*,#22,$,.REFLECTED_PLAN_VIEW.,$);
#27=IFCSITE('08xTmO9W51SRRTqPMUI1U3',$,'My Site',$,$,#50,$,$,$,$,$,$,$,$);
#33=IFCBUILDING('21Qyjw3hfFTPHD50RHSMSo',$,'My Building',$,$,#56,$,$,$,$,$,$);
#39=IFCBUILDINGSTOREY('1gu6Bi20f478CGZPE_VIeH',$,'GF',$,$,#62,$,$,$,$);
#45=IFCRELAGGREGATES('0znrM_gX196hroC3BWzZTy',$,$,$,#1,(#27));
#46=IFCCARTESIANPOINT((0.,0.,0.));
#47=IFCDIRECTION((0.,0.,1.));
#48=IFCDIRECTION((1.,0.,0.));
#49=IFCAXIS2PLACEMENT3D(#46,#47,#48);
#50=IFCLOCALPLACEMENT($,#49);
#51=IFCRELAGGREGATES('0x8thh2ub2UekPCWU3IMgi',$,$,$,#27,(#33));
#52=IFCCARTESIANPOINT((0.,0.,0.));
#53=IFCDIRECTION((0.,0.,1.));
#54=IFCDIRECTION((1.,0.,0.));
#55=IFCAXIS2PLACEMENT3D(#52,#53,#54);
#56=IFCLOCALPLACEMENT(#50,#55);
#57=IFCRELAGGREGATES('13mksNNYP9JPpMSrJWtmYr',$,$,$,#33,(#39,#63));
#58=IFCCARTESIANPOINT((0.,0.,0.));
#59=IFCDIRECTION((0.,0.,1.));
#60=IFCDIRECTION((1.,0.,0.));
#61=IFCAXIS2PLACEMENT3D(#58,#59,#60);
#62=IFCLOCALPLACEMENT(#56,#61);
#63=IFCBUILDINGSTOREY('3Deq1glAX8CP1JSj$bn6wS',$,'2F',$,$,#7224,$,$,$,$);
#80=IFCWALLTYPE('2DxSMBTQDEMwkuNTDpGp9w',$,'Exterior Wall',$,$,(#85),$,$,$,.SOLIDWALL.);
#81=IFCMATERIAL('Unknown',$,$);
#82=IFCMATERIALLAYERSET((#84),$,$);
#83=IFCRELASSOCIATESMATERIAL('34pSEUus994hKLs6wBMbyD',$,$,$,(#80),#82);
#84=IFCMATERIALLAYER(#81,0.15000000596046448,$,$,$,$,$);
#85=IFCPROPERTYSET('3PY5uxzEX98uR7_q5LsTj0',$,'EPset_Parametric',$,(#86));
#86=IFCPROPERTYSINGLEVALUE('LayerSetDirection',$,IFCLABEL('AXIS2'),$);
#87=IFCWALL('0WVhE7IgX5vur9Li3xFooI',$,'Wall',$,$,#100,#95,$,$);
#88=IFCRELCONTAINEDINSPATIALSTRUCTURE('3jtVFusXz2Cv2ta37EUjcS',$,$,$,(#2655,#639,#1625,#717,#2132,#1827,#239,#6768,#139,#6766,#264,#164,#2793,#2517,#1937,#613,#87,#755,#780,#1351,#6113,#6344,#6247,#1000,#6158,#189,#214,#114),#39);
#89=IFCRELDEFINESBYTYPE('0g9$Y4$OzENuJXfDdTYxNr',$,$,$,(#3105,#3205,#3029,#3130,#239,#139,#264,#164,#3230,#3155,#3055,#3080,#3255,#87,#189,#214,#114,#3180),#80);
#90=IFCMATERIALLAYERSETUSAGE(#82,.AXIS2.,.POSITIVE.,0.,$);
#91=IFCRELASSOCIATESMATERIAL('0BhWgAqnH4Sxt3CA2mkG_n',$,$,$,(#87),#90);
#95=IFCPRODUCTDEFINITIONSHAPE($,$,(#419,#416));
#96=IFCCARTESIANPOINT((0.22834819555282593,-2.610029935836792,0.));
#97=IFCDIRECTION((0.,0.,1.));
#98=IFCDIRECTION((1.,0.,0.));
#99=IFCAXIS2PLACEMENT3D(#96,#97,#98);
#100=IFCLOCALPLACEMENT(#62,#99);
#111=IFCPROPERTYSET('1YHGNIZVr6tQ1fN2nWU$D8',$,'EPset_Parametric',$,(#113));
#112=IFCRELDEFINESBYPROPERTIES('2kBoFsBi9AKABkC$3M1OD7',$,$,$,(#87),#111);
#113=IFCPROPERTYSINGLEVALUE('Engine',$,IFCLABEL('Bonsai.DumbLayer2'),$);
#114=IFCWALL('2OwjgiQv967PyZRQBnY7fu',$,'Wall',$,$,#125,#120,$,$);
#115=IFCMATERIALLAYERSETUSAGE(#82,.AXIS2.,.POSITIVE.,0.,$);
#116=IFCRELASSOCIATESMATERIAL('19wE4_34H0u8YQU4TqvgXP',$,$,$,(#114),#115);
#120=IFCPRODUCTDEFINITIONSHAPE($,$,(#451,#448));
#121=IFCCARTESIANPOINT((4.2283482551574707,-2.610029935836792,0.));
#122=IFCDIRECTION((0.,0.,1.));
#123=IFCDIRECTION((7.5497901264043109E-08,0.99999999999999711,0.));
#124=IFCAXIS2PLACEMENT3D(#121,#122,#123);
#125=IFCLOCALPLACEMENT(#62,#124);
#136=IFCPROPERTYSET('2sCwErpR54XQIoNX1k2bLg',$,'EPset_Parametric',$,(#138));
#137=IFCRELDEFINESBYPROPERTIES('2TOESkPPn0lQhLoKkSFv9l',$,$,$,(#114),#136);
#138=IFCPROPERTYSINGLEVALUE('Engine',$,IFCLABEL('Bonsai.DumbLayer2'),$);
#139=IFCWALL('2ifAJg2V14o9qMw67Sp9Li',$,'Wall',$,$,#438,#145,$,$);
#140=IFCMATERIALLAYERSETUSAGE(#82,.AXIS2.,.POSITIVE.,0.,$);
#141=IFCRELASSOCIATESMATERIAL('13EkplEor0hwMhCOE6v2K9',$,$,$,(#139),#140);
#145=IFCPRODUCTDEFINITIONSHAPE($,$,(#483,#480));
#161=IFCPROPERTYSET('3Q3nXaOrb5$gX63XOK76sj',$,'EPset_Parametric',$,(#163));
#162=IFCRELDEFINESBYPROPERTIES('1BXl5P14b7agqnBQ8gEoYG',$,$,$,(#139),#161);
#163=IFCPROPERTYSINGLEVALUE('Engine',$,IFCLABEL('Bonsai.DumbLayer2'),$);
#164=IFCWALL('188hbj69jF1xvkVNKJy7RP',$,'Wall',$,$,#470,#170,$,$);
#165=IFCMATERIALLAYERSETUSAGE(#82,.AXIS2.,.POSITIVE.,0.,$);
#166=IFCRELASSOCIATESMATERIAL('0skoMkP_nEOwpXMk8XgsEG',$,$,$,(#164),#165);
#170=IFCPRODUCTDEFINITIONSHAPE($,$,(#510,#507));
#186=IFCPROPERTYSET('1wDqDvke50lu4aA7eTmoS4',$,'EPset_Parametric',$,(#188));
#187=IFCRELDEFINESBYPROPERTIES('2eaE08imTBWuuyZaZ2xnuK',$,$,$,(#164),#186);
#188=IFCPROPERTYSINGLEVALUE('Engine',$,IFCLABEL('Bonsai.DumbLayer2'),$);
#189=IFCWALL('0yb8TSNojFvxmzJQxtPaS9',$,'Wall',$,$,#200,#195,$,$);
#190=IFCMATERIALLAYERSETUSAGE(#82,.AXIS2.,.POSITIVE.,0.,$);
#191=IFCRELASSOCIATESMATERIAL('1jt3lrT3jE_PjYopbEsPSO',$,$,$,(#189),#190);
#195=IFCPRODUCTDEFINITIONSHAPE($,$,(#542,#539));
#196=IFCCARTESIANPOINT((0.76834785938262939,5.0399694442749023,0.));
#197=IFCDIRECTION((0.,0.,1.));
#198=IFCDIRECTION((-0.99999999999992428,3.8941436741876494E-07,0.));
#199=IFCAXIS2PLACEMENT3D(#196,#197,#198);
#200=IFCLOCALPLACEMENT(#62,#199);
#211=IFCPROPERTYSET('2eZomcrS9EQ8rxCTAMWRP9',$,'EPset_Parametric',$,(#213));
#212=IFCRELDEFINESBYPROPERTIES('2WTmpzReP4ffpwDMQAoPTE',$,$,$,(#189),#211);
#213=IFCPROPERTYSINGLEVALUE('Engine',$,IFCLABEL('Bonsai.DumbLayer2'),$);
#214=IFCWALL('2UixL8yaz81eGqDCw0DdwT',$,'Wall',$,$,#529,#220,$,$);
#215=IFCMATERIALLAYERSETUSAGE(#82,.AXIS2.,.POSITIVE.,0.,$);
#216=IFCRELASSOCIATESMATERIAL('3VBD0hZkn4aQIqrwi9ym4z',$,$,$,(#214),#215);
#220=IFCPRODUCTDEFINITIONSHAPE($,$,(#574,#571));
#236=IFCPROPERTYSET('1cqdeCoODEifwroHNtq7Mh',$,'EPset_Parametric',$,(#238));
#237=IFCRELDEFINESBYPROPERTIES('3v96N6XTP0BByfDyBQEHB5',$,$,$,(#214),#236);
#238=IFCPROPERTYSINGLEVALUE('Engine',$,IFCLABEL('Bonsai.DumbLayer2'),$);
#239=IFCWALL('30naVADhrBZechQY6zHSnR',$,'Wall',$,$,#561,#245,$,$);
#240=IFCMATERIALLAYERSETUSAGE(#82,.AXIS2.,.POSITIVE.,0.,$);
#241=IFCRELASSOCIATESMATERIAL('2pzgvTKf11OfZVHTl5stBv',$,$,$,(#239),#240);
#245=IFCPRODUCTDEFINITIONSHAPE($,$,(#606,#603));
#261=IFCPROPERTYSET('3Ne$M2m8j7HupDGpXs7LZF',$,'EPset_Parametric',$,(#263));
#262=IFCRELDEFINESBYPROPERTIES('1X8alQjCX0kQWcNCYzm9Zf',$,$,$,(#239),#261);
#263=IFCPROPERTYSINGLEVALUE('Engine',$,IFCLABEL('Bonsai.DumbLayer2'),$);
#264=IFCWALL('2LZ4e2gOX3Y9etOfnLoJCh',$,'Wall',$,$,#593,#270,$,$);
#265=IFCMATERIALLAYERSETUSAGE(#82,.AXIS2.,.POSITIVE.,0.,$);
#266=IFCRELASSOCIATESMATERIAL('2UOpqARKvCdx2M5K$R3Iv2',$,$,$,(#264),#265);
#270=IFCPRODUCTDEFINITIONSHAPE($,$,(#588,#585));
#286=IFCPROPERTYSET('3ZD0Oij2f7qfx8DH_vF0N_',$,'EPset_Parametric',$,(#288));
#287=IFCRELDEFINESBYPROPERTIES('2gCzoqBsf8bQef9vM50RB3',$,$,$,(#264),#286);
#288=IFCPROPERTYSINGLEVALUE('Engine',$,IFCLABEL('Bonsai.DumbLayer2'),$);
#393=IFCRELCONNECTSPATHELEMENTS('3TVYAdgfXE5vmOv0uoyQfQ',$,$,$,$,#114,#87,(),(),.ATEND.,.ATSTART.);
#407=IFCCARTESIANPOINTLIST2D(((0.,0.),(0.,0.15000000596046448),(3.8500000649688655,0.15000000596046448),(4.0000000596046448,0.)));
#408=IFCINDEXEDPOLYCURVE(#407,(IFCLINEINDEX((1,2,3,4,1))),$);
#409=IFCARBITRARYCLOSEDPROFILEDEF(.AREA.,$,#408);
#410=IFCCARTESIANPOINT((0.,0.,0.));
#411=IFCDIRECTION((0.,0.,1.));
#412=IFCDIRECTION((1.,0.,0.));
#413=IFCAXIS2PLACEMENT3D(#410,#411,#412);
#414=IFCDIRECTION((0.,0.,1.));
#415=IFCEXTRUDEDAREASOLID(#409,#413,#414,3.);
#416=IFCSHAPEREPRESENTATION(#11,'Body','SweptSolid',(#415));
#417=IFCCARTESIANPOINTLIST2D(((0.,0.),(4.0000000596046448,0.)));
#418=IFCINDEXEDPOLYCURVE(#417,$,$);
#419=IFCSHAPEREPRESENTATION(#23,'Axis','Curve2D',(#418));
#420=IFCRELCONNECTSPATHELEMENTS('0j3JbaUC92JReIZwCERAdi',$,$,$,$,#139,#114,(),(),.ATEND.,.ATSTART.);
#434=IFCCARTESIANPOINT((4.2283489436983039,6.5099697113038868,0.));
#435=IFCDIRECTION((0.,0.,1.));
#436=IFCDIRECTION((-0.99999999999998868,-1.5099580252808492E-07,0.));
#437=IFCAXIS2PLACEMENT3D(#434,#435,#436);
#438=IFCLOCALPLACEMENT(#62,#437);
#439=IFCCARTESIANPOINTLIST2D(((0.,0.),(0.14999999463577926,0.15000000596046448),(8.9699996072061801,0.15000000596046448),(9.1199996471407054,0.)));
#440=IFCINDEXEDPOLYCURVE(#439,(IFCLINEINDEX((1,2,3,4,1))),$);
#441=IFCARBITRARYCLOSEDPROFILEDEF(.AREA.,$,#440);
#442=IFCCARTESIANPOINT((0.,0.,0.));
#443=IFCDIRECTION((0.,0.,1.));
#444=IFCDIRECTION((1.,0.,0.));
#445=IFCAXIS2PLACEMENT3D(#442,#443,#444);
#446=IFCDIRECTION((0.,0.,1.));
#447=IFCEXTRUDEDAREASOLID(#441,#445,#446,3.);
#448=IFCSHAPEREPRESENTATION(#11,'Body','SweptSolid',(#447));
#449=IFCCARTESIANPOINTLIST2D(((0.,0.),(9.1199996471407054,0.)));
#450=IFCINDEXEDPOLYCURVE(#449,$,$);
#451=IFCSHAPEREPRESENTATION(#23,'Axis','Curve2D',(#450));
#452=IFCRELCONNECTSPATHELEMENTS('0YV8O0iCr8lRF$xU9ZMQ3H',$,$,$,$,#164,#139,(),(),.ATEND.,.ATSTART.);
#466=IFCCARTESIANPOINT((0.76834774017334329,6.5099691888582285,0.));
#467=IFCDIRECTION((0.,0.,1.));
#468=IFCDIRECTION((7.5497901264043123E-08,-0.99999999999999722,0.));
#469=IFCAXIS2PLACEMENT3D(#466,#467,#468);
#470=IFCLOCALPLACEMENT(#62,#469);
#471=IFCCARTESIANPOINTLIST2D(((0.,0.),(0.15000003993452524,0.15000000596046448),(3.3100012088892208,0.15000000596046448),(3.4600012035250001,0.)));
#472=IFCINDEXEDPOLYCURVE(#471,(IFCLINEINDEX((1,2,3,4,1))),$);
#473=IFCARBITRARYCLOSEDPROFILEDEF(.AREA.,$,#472);
#474=IFCCARTESIANPOINT((0.,0.,0.));
#475=IFCDIRECTION((0.,0.,1.));
#476=IFCDIRECTION((1.,0.,0.));
#477=IFCAXIS2PLACEMENT3D(#474,#475,#476);
#478=IFCDIRECTION((0.,0.,1.));
#479=IFCEXTRUDEDAREASOLID(#473,#477,#478,3.);
#480=IFCSHAPEREPRESENTATION(#11,'Body','SweptSolid',(#479));
#481=IFCCARTESIANPOINTLIST2D(((0.,0.),(3.4600012035250001,0.)));
#482=IFCINDEXEDPOLYCURVE(#481,$,$);
#483=IFCSHAPEREPRESENTATION(#23,'Axis','Curve2D',(#482));
#484=IFCRELCONNECTSPATHELEMENTS('35FlyuxJ12$8yCEkCImCi$',$,$,$,$,#189,#164,(),(),.ATEND.,.ATSTART.);
#498=IFCCARTESIANPOINTLIST2D(((0.,0.),(0.14999999463577929,0.15000000596046448),(1.6199998202806505,0.15000000596046448),(1.4699997445833268,0.)));
#499=IFCINDEXEDPOLYCURVE(#498,(IFCLINEINDEX((1,2,3,4,1))),$);
#500=IFCARBITRARYCLOSEDPROFILEDEF(.AREA.,$,#499);
#501=IFCCARTESIANPOINT((0.,0.,0.));
#502=IFCDIRECTION((0.,0.,1.));
#503=IFCDIRECTION((1.,0.,0.));
#504=IFCAXIS2PLACEMENT3D(#501,#502,#503);
#505=IFCDIRECTION((0.,0.,1.));
#506=IFCEXTRUDEDAREASOLID(#500,#504,#505,3.);
#507=IFCSHAPEREPRESENTATION(#11,'Body','SweptSolid',(#506));
#508=IFCCARTESIANPOINTLIST2D(((0.,0.),(1.4699997445833268,0.)));
#509=IFCINDEXEDPOLYCURVE(#508,$,$);
#510=IFCSHAPEREPRESENTATION(#23,'Axis','Curve2D',(#509));
#511=IFCRELCONNECTSPATHELEMENTS('0GZKxdNF50qBb6n9GV2r1d',$,$,$,$,#214,#189,(),(),.ATEND.,.ATSTART.);
#525=IFCCARTESIANPOINT((-2.7816519737244336,5.0399708266958418,0.));
#526=IFCDIRECTION((0.,0.,1.));
#527=IFCDIRECTION((7.5497901264043123E-08,-0.99999999999999722,0.));
#528=IFCAXIS2PLACEMENT3D(#525,#526,#527);
#529=IFCLOCALPLACEMENT(#62,#528);
#530=IFCCARTESIANPOINTLIST2D(((0.,0.),(-0.15000007569732376,0.15000000596046448),(3.3999997491826166,0.15000000596046448),(3.5499998248799405,0.)));
#531=IFCINDEXEDPOLYCURVE(#530,(IFCLINEINDEX((1,2,3,4,1))),$);
#532=IFCARBITRARYCLOSEDPROFILEDEF(.AREA.,$,#531);
#533=IFCCARTESIANPOINT((0.,0.,0.));
#534=IFCDIRECTION((0.,0.,1.));
#535=IFCDIRECTION((1.,0.,0.));
#536=IFCAXIS2PLACEMENT3D(#533,#534,#535);
#537=IFCDIRECTION((0.,0.,1.));
#538=IFCEXTRUDEDAREASOLID(#532,#536,#537,3.);
#539=IFCSHAPEREPRESENTATION(#11,'Body','SweptSolid',(#538));
#540=IFCCARTESIANPOINTLIST2D(((0.,0.),(3.5499998248799405,0.)));
#541=IFCINDEXEDPOLYCURVE(#540,$,$);
#542=IFCSHAPEREPRESENTATION(#23,'Axis','Curve2D',(#541));
#543=IFCRELCONNECTSPATHELEMENTS('253nKVjtv6XObZ4pjf36uX',$,$,$,$,#239,#214,(),(),.ATEND.,.ATSTART.);
#557=IFCCARTESIANPOINT((-2.7816515849101666,-0.11003017425537109,0.));
#558=IFCDIRECTION((0.,0.,1.));
#559=IFCDIRECTION((1.,0.,0.));
#560=IFCAXIS2PLACEMENT3D(#557,#558,#559);
#561=IFCLOCALPLACEMENT(#62,#560);
#562=IFCCARTESIANPOINTLIST2D(((0.,0.),(0.15000007569732376,0.15000000596046448),(5.0000010063154487,0.15000000596046448),(5.1500010009512271,0.)));
#563=IFCINDEXEDPOLYCURVE(#562,(IFCLINEINDEX((1,2,3,4,1))),$);
#564=IFCARBITRARYCLOSEDPROFILEDEF(.AREA.,$,#563);
#565=IFCCARTESIANPOINT((0.,0.,0.));
#566=IFCDIRECTION((0.,0.,1.));
#567=IFCDIRECTION((1.,0.,0.));
#568=IFCAXIS2PLACEMENT3D(#565,#566,#567);
#569=IFCDIRECTION((0.,0.,1.));
#570=IFCEXTRUDEDAREASOLID(#564,#568,#569,3.);
#571=IFCSHAPEREPRESENTATION(#11,'Body','SweptSolid',(#570));
#572=IFCCARTESIANPOINTLIST2D(((0.,0.),(5.1500010009512271,0.)));
#573=IFCINDEXEDPOLYCURVE(#572,$,$);
#574=IFCSHAPEREPRESENTATION(#23,'Axis','Curve2D',(#573));
#575=IFCRELCONNECTSPATHELEMENTS('2tVmnaPhT9lBJYMyQqF7RT',$,$,$,$,#264,#239,(),(),.ATEND.,.ATSTART.);
#576=IFCCARTESIANPOINTLIST2D(((0.,0.),(-0.15000001251717313,0.15000000596046448),(2.500077271749352,0.15000000596046448),(2.500077271749352,0.)));
#577=IFCINDEXEDPOLYCURVE(#576,(IFCLINEINDEX((1,2,3,4,1))),$);
#578=IFCARBITRARYCLOSEDPROFILEDEF(.AREA.,$,#577);
#579=IFCCARTESIANPOINT((0.,0.,0.));
#580=IFCDIRECTION((0.,0.,1.));
#581=IFCDIRECTION((1.,0.,0.));
#582=IFCAXIS2PLACEMENT3D(#579,#580,#581);
#583=IFCDIRECTION((0.,0.,1.));
#584=IFCEXTRUDEDAREASOLID(#578,#582,#583,3.);
#585=IFCSHAPEREPRESENTATION(#11,'Body','SweptSolid',(#584));
#586=IFCCARTESIANPOINTLIST2D(((0.,0.),(2.500077271749352,0.)));
#587=IFCINDEXEDPOLYCURVE(#586,$,$);
#588=IFCSHAPEREPRESENTATION(#23,'Axis','Curve2D',(#587));
#589=IFCCARTESIANPOINT((0.22833251953123859,-0.11003017425537109,0.));
#590=IFCDIRECTION((0.,0.,1.));
#591=IFCDIRECTION((-4.3711388286737889E-08,-0.99999999999999911,0.));
#592=IFCAXIS2PLACEMENT3D(#589,#590,#591);
#593=IFCLOCALPLACEMENT(#62,#592);
#594=IFCCARTESIANPOINTLIST2D(((0.,0.),(0.14999999463577929,0.15000000596046448),(3.1599841169585785,0.15000000596046448),(3.0099841044414051,0.)));
#595=IFCINDEXEDPOLYCURVE(#594,(IFCLINEINDEX((1,2,3,4,1))),$);
#596=IFCARBITRARYCLOSEDPROFILEDEF(.AREA.,$,#595);
#597=IFCCARTESIANPOINT((0.,0.,0.));
#598=IFCDIRECTION((0.,0.,1.));
#599=IFCDIRECTION((1.,0.,0.));
#600=IFCAXIS2PLACEMENT3D(#597,#598,#599);
#601=IFCDIRECTION((0.,0.,1.));
#602=IFCEXTRUDEDAREASOLID(#596,#600,#601,3.);
#603=IFCSHAPEREPRESENTATION(#11,'Body','SweptSolid',(#602));
#604=IFCCARTESIANPOINTLIST2D(((0.,0.),(3.0099841044414051,0.)));
#605=IFCINDEXEDPOLYCURVE(#604,$,$);
#606=IFCSHAPEREPRESENTATION(#23,'Axis','Curve2D',(#605));
#607=IFCWALLTYPE('0mYd9kJofAiuMV9ke5LhDv',$,'Interior Wall',$,$,(#611),$,$,$,.MOVABLE.);
#608=IFCMATERIALLAYERSET((#610),$,$);
#609=IFCRELASSOCIATESMATERIAL('26YkAJUYLE2gEc$S5jzWbx',$,$,$,(#607),#608);
#610=IFCMATERIALLAYER(#81,0.10000000000000001,$,$,$,$,$);
#611=IFCPROPERTYSET('0u6vjhGrL0YPn4wAknCBrI',$,'EPset_Parametric',$,(#612));
#612=IFCPROPERTYSINGLEVALUE('LayerSetDirection',$,IFCLABEL('AXIS2'),$);
#613=IFCWALL('3a$rbYz3XAyAJh8ci7qYCp',$,'Wall',$,$,#625,#620,$,$);
#614=IFCRELDEFINESBYTYPE('0dQVS0zab00g0CTjX3Ptkc',$,$,$,(#4084,#4046,#639,#613,#717,#755,#780,#4234,#4008),#607);
#615=IFCMATERIALLAYERSETUSAGE(#608,.AXIS2.,.POSITIVE.,0.,$);
#616=IFCRELASSOCIATESMATERIAL('0KKr3KAWz1TOIQVanvIk$o',$,$,$,(#613),#615);
#620=IFCPRODUCTDEFINITIONSHAPE($,$,(#716,#713));
#621=IFCCARTESIANPOINT((-2.6316514015197754,2.5379998683929443,0.));
#622=IFCDIRECTION((0.,0.,1.));
#623=IFCDIRECTION((1.,0.,0.));
#624=IFCAXIS2PLACEMENT3D(#621,#622,#623);
#625=IFCLOCALPLACEMENT(#62,#624);
#636=IFCPROPERTYSET('2hnSQYMLL2xukMtTm7eJTH',$,'EPset_Parametric',$,(#638));
#637=IFCRELDEFINESBYPROPERTIES('3enM03L2155gzJa6$rZkuE',$,$,$,(#613),#636);
#638=IFCPROPERTYSINGLEVALUE('Engine',$,IFCLABEL('Bonsai.DumbLayer2'),$);
#639=IFCWALL('1kztNgLmP1Te9$QMTf9u98',$,'Wall',$,$,#650,#645,$,$);
#640=IFCMATERIALLAYERSETUSAGE(#608,.AXIS2.,.POSITIVE.,0.,$);
#641=IFCRELASSOCIATESMATERIAL('2ZNHOUtUr6Oe5GM96Baq8E',$,$,$,(#639),#640);
#645=IFCPRODUCTDEFINITIONSHAPE($,$,(#703,#700));
#646=IFCCARTESIANPOINT((0.26834869384765625,2.5379998683929443,0.));
#647=IFCDIRECTION((0.,0.,1.));
#648=IFCDIRECTION((-4.3711388286737889E-08,-0.99999999999999911,0.));
#649=IFCAXIS2PLACEMENT3D(#646,#647,#648);
#650=IFCLOCALPLACEMENT(#62,#649);
#661=IFCPROPERTYSET('1$P8WMG_z0DPPa5HUkKGTb',$,'EPset_Parametric',$,(#663));
#662=IFCRELDEFINESBYPROPERTIES('3OGUXjSRX4LeXBOSKswjKX',$,$,$,(#639),#661);
#663=IFCPROPERTYSINGLEVALUE('Engine',$,IFCLABEL('Bonsai.DumbLayer2'),$);
#690=IFCRELCONNECTSPATHELEMENTS('0M1hNYtib2AOFkwCSrP7sy',$,$,$,$,#639,#613,(),(),.ATEND.,.ATSTART.);
#691=IFCCARTESIANPOINTLIST2D(((0.,0.),(-0.10000000437113893,0.10000000000000001),(2.4980218690719762,0.10000000000000001),(2.4980218690719762,0.)));
#692=IFCINDEXEDPOLYCURVE(#691,(IFCLINEINDEX((1,2,3,4,1))),$);
#693=IFCARBITRARYCLOSEDPROFILEDEF(.AREA.,$,#692);
#694=IFCCARTESIANPOINT((0.,0.,0.));
#695=IFCDIRECTION((0.,0.,1.));
#696=IFCDIRECTION((1.,0.,0.));
#697=IFCAXIS2PLACEMENT3D(#694,#695,#696);
#698=IFCDIRECTION((0.,0.,1.));
#699=IFCEXTRUDEDAREASOLID(#693,#697,#698,3.);
#700=IFCSHAPEREPRESENTATION(#11,'Body','SweptSolid',(#699));
#701=IFCCARTESIANPOINTLIST2D(((0.,0.),(2.4980218690719762,0.)));
#702=IFCINDEXEDPOLYCURVE(#701,$,$);
#703=IFCSHAPEREPRESENTATION(#23,'Axis','Curve2D',(#702));
#704=IFCCARTESIANPOINTLIST2D(((0.,0.),(0.,0.10000000000000001),(3.0000000997385707,0.10000000000000001),(2.9000000953674316,0.)));
#705=IFCINDEXEDPOLYCURVE(#704,(IFCLINEINDEX((1,2,3,4,1))),$);
#706=IFCARBITRARYCLOSEDPROFILEDEF(.AREA.,$,#705);
#707=IFCCARTESIANPOINT((0.,0.,0.));
#708=IFCDIRECTION((0.,0.,1.));
#709=IFCDIRECTION((1.,0.,0.));
#710=IFCAXIS2PLACEMENT3D(#707,#708,#709);
#711=IFCDIRECTION((0.,0.,1.));
#712=IFCEXTRUDEDAREASOLID(#706,#710,#711,3.);
#713=IFCSHAPEREPRESENTATION(#11,'Body','SweptSolid',(#712));
#714=IFCCARTESIANPOINTLIST2D(((0.,0.),(2.9000000953674316,0.)));
#715=IFCINDEXEDPOLYCURVE(#714,$,$);
#716=IFCSHAPEREPRESENTATION(#23,'Axis','Curve2D',(#715));
#717=IFCWALL('2eEDYaCHPCOxAewoXaOIv5',$,'Wall',$,$,#728,#723,$,$);
#718=IFCMATERIALLAYERSETUSAGE(#608,.AXIS2.,.POSITIVE.,0.,$);
#719=IFCRELASSOCIATESMATERIAL('1w5gR6lODCjfOvADaN54Co',$,$,$,(#717),#718);
#723=IFCPRODUCTDEFINITIONSHAPE($,$,(#754,#751));
#724=IFCCARTESIANPOINT((-1.2781070470809937,4.8900742530822754,0.));
#725=IFCDIRECTION((0.,0.,1.));
#726=IFCDIRECTION((-4.3711388286737889E-08,-0.99999999999999911,0.));
#727=IFCAXIS2PLACEMENT3D(#724,#725,#726);
#728=IFCLOCALPLACEMENT(#62,#727);
#739=IFCPROPERTYSET('2YbMz1VJf1Vuw3i9GLboKj',$,'EPset_Parametric',$,(#741));
#740=IFCRELDEFINESBYPROPERTIES('1o8LI1JMHA6xmkDez9vfnN',$,$,$,(#717),#739);
#741=IFCPROPERTYSINGLEVALUE('Engine',$,IFCLABEL('Bonsai.DumbLayer2'),$);
#742=IFCCARTESIANPOINTLIST2D(((0.,0.),(0.,0.10000000000000001),(2.252073815743532,0.10000000000000001),(2.252073815743532,0.)));
#743=IFCINDEXEDPOLYCURVE(#742,(IFCLINEINDEX((1,2,3,4,1))),$);
#744=IFCARBITRARYCLOSEDPROFILEDEF(.AREA.,$,#743);
#745=IFCCARTESIANPOINT((0.,0.,0.));
#746=IFCDIRECTION((0.,0.,1.));
#747=IFCDIRECTION((1.,0.,0.));
#748=IFCAXIS2PLACEMENT3D(#745,#746,#747);
#749=IFCDIRECTION((0.,0.,1.));
#750=IFCEXTRUDEDAREASOLID(#744,#748,#749,3.);
#751=IFCSHAPEREPRESENTATION(#11,'Body','SweptSolid',(#750));
#752=IFCCARTESIANPOINTLIST2D(((0.,0.),(2.252073815743532,0.)));
#753=IFCINDEXEDPOLYCURVE(#752,$,$);
#754=IFCSHAPEREPRESENTATION(#23,'Axis','Curve2D',(#753));
#755=IFCWALL('1boSc$uFzE_RCb8fGBGVhd',$,'Wall',$,$,#766,#761,$,$);
#756=IFCMATERIALLAYERSETUSAGE(#608,.AXIS2.,.POSITIVE.,0.,$);
#757=IFCRELASSOCIATESMATERIAL('0CobTR8_H9lwGkNj$LC7q1',$,$,$,(#755),#756);
#761=IFCPRODUCTDEFINITIONSHAPE($,$,(#862,#859));
#762=IFCCARTESIANPOINT((-1.1781069040298462,3.4577794075012207,0.));
#763=IFCDIRECTION((0.,0.,1.));
#764=IFCDIRECTION((1.,0.,0.));
#765=IFCAXIS2PLACEMENT3D(#762,#763,#764);
#766=IFCLOCALPLACEMENT(#62,#765);
#777=IFCPROPERTYSET('2cRnKR1OrD5fjIJD0rHfMN',$,'EPset_Parametric',$,(#779));
#778=IFCRELDEFINESBYPROPERTIES('3AoaA6o5jC$ApXL7KPJdtb',$,$,$,(#755),#777);
#779=IFCPROPERTYSINGLEVALUE('Engine',$,IFCLABEL('Bonsai.DumbLayer2'),$);
#780=IFCWALL('2BV08ay753Thu41u8iHrzd',$,'Wall',$,$,#849,#786,$,$);
#781=IFCMATERIALLAYERSETUSAGE(#608,.AXIS2.,.POSITIVE.,0.,$);
#782=IFCRELASSOCIATESMATERIAL('2GA93G2ir7AuseR7iRmhp2',$,$,$,(#780),#781);
#786=IFCPRODUCTDEFINITIONSHAPE($,$,(#844,#841));
#802=IFCPROPERTYSET('3KIUKqHGLEAuYWUEMRSFMs',$,'EPset_Parametric',$,(#804));
#803=IFCRELDEFINESBYPROPERTIES('0nSmfS5o94ggHYgjXspolc',$,$,$,(#780),#802);
#804=IFCPROPERTYSINGLEVALUE('Engine',$,IFCLABEL('Bonsai.DumbLayer2'),$);
#831=IFCRELCONNECTSPATHELEMENTS('2kAD2wDc90NhH3$pq$_QIm',$,$,$,$,#780,#755,(),(),.ATEND.,.ATSTART.);
#832=IFCCARTESIANPOINTLIST2D(((0.,0.),(0.099999992450210157,0.10000000000000001),(1.4321741763772788,0.10000000000000001),(1.4321741763772788,0.)));
#833=IFCINDEXEDPOLYCURVE(#832,(IFCLINEINDEX((1,2,3,4,1))),$);
#834=IFCARBITRARYCLOSEDPROFILEDEF(.AREA.,$,#833);
#835=IFCCARTESIANPOINT((0.,0.,0.));
#836=IFCDIRECTION((0.,0.,1.));
#837=IFCDIRECTION((1.,0.,0.));
#838=IFCAXIS2PLACEMENT3D(#835,#836,#837);
#839=IFCDIRECTION((0.,0.,1.));
#840=IFCEXTRUDEDAREASOLID(#834,#838,#839,3.);
#841=IFCSHAPEREPRESENTATION(#11,'Body','SweptSolid',(#840));
#842=IFCCARTESIANPOINTLIST2D(((0.,0.),(1.4321741763772788,0.)));
#843=IFCINDEXEDPOLYCURVE(#842,$,$);
#844=IFCSHAPEREPRESENTATION(#23,'Axis','Curve2D',(#843));
#845=IFCCARTESIANPOINT((0.91833496093748201,3.4577794075012207,0.));
#846=IFCDIRECTION((0.,0.,1.));
#847=IFCDIRECTION((7.5497901264043123E-08,0.99999999999999722,0.));
#848=IFCAXIS2PLACEMENT3D(#845,#846,#847);
#849=IFCLOCALPLACEMENT(#62,#848);
#850=IFCCARTESIANPOINTLIST2D(((0.,0.),(0.,0.10000000000000001),(1.9964418725171182,0.10000000000000001),(2.0964418649673284,0.)));
#851=IFCINDEXEDPOLYCURVE(#850,(IFCLINEINDEX((1,2,3,4,1))),$);
#852=IFCARBITRARYCLOSEDPROFILEDEF(.AREA.,$,#851);
#853=IFCCARTESIANPOINT((0.,0.,0.));
#854=IFCDIRECTION((0.,0.,1.));
#855=IFCDIRECTION((1.,0.,0.));
#856=IFCAXIS2PLACEMENT3D(#853,#854,#855);
#857=IFCDIRECTION((0.,0.,1.));
#858=IFCEXTRUDEDAREASOLID(#852,#856,#857,3.);
#859=IFCSHAPEREPRESENTATION(#11,'Body','SweptSolid',(#858));
#860=IFCCARTESIANPOINTLIST2D(((0.,0.),(2.0964418649673284,0.)));
#861=IFCINDEXEDPOLYCURVE(#860,$,$);
#862=IFCSHAPEREPRESENTATION(#23,'Axis','Curve2D',(#861));
#863=IFCSLABTYPE('1EeuDMR818S81uc1nEuKxV',$,'GF Slab',$,$,(#867),$,$,$,.FLOOR.);
#864=IFCMATERIALLAYERSET((#866),$,$);
#865=IFCRELASSOCIATESMATERIAL('2zPnODYVfCU91ZXobT6g0P',$,$,$,(#863),#864);
#866=IFCMATERIALLAYER(#81,0.10000000000000001,$,$,$,$,$);
#867=IFCPROPERTYSET('22eTKiBfT67uUay6JRB9C7',$,'EPset_Parametric',$,(#868));
#868=IFCPROPERTYSINGLEVALUE('LayerSetDirection',$,IFCLABEL('AXIS3'),$);
#892=IFCDOORTYPE('2OT5530tT64xkFt1vrWktG',$,'Front Door',$,$,(#893),(#902,#980,#999),$,$,.DOOR.,.SINGLE_SWING_LEFT.,$,$);
#893=IFCPROPERTYSET('3JTkUwH312PuSTLLkkNahW',$,'BBIM_Door',$,(#894));
#894=IFCPROPERTYSINGLEVALUE('Data',$,IFCTEXT('{"door_type": "SINGLE_SWING_LEFT", "overall_height": 2.0, "overall_width": 0.8999999761581421, "lining_properties": {"lining_depth": 0.05000000074505806, "lining_thickness": 0.05000000074505806, "lining_offset": 0.0, "lining_to_panel_offset_x": 0.02500000037252903, "lining_to_panel_offset_y": 0.02500000037252903, "transom_thickness": 0.0, "casing_thickness": 0.07500000298023224, "casing_depth": 0.004999999888241291, "threshold_thickness": 0.02500000037252903, "threshold_depth": 0.10000000149011612, "threshold_offset": 0.0}, "panel_properties": {"panel_depth": 0.03500000014901161, "panel_width_ratio": 1.0}}'),$);
#895=IFCCARTESIANPOINTLIST3D(((0.,0.,0.),(0.89999997615814209,0.,0.),(0.89999997615814209,0.,2.),(0.,0.,2.)));
#896=IFCINDEXEDPOLYCURVE(#895,(IFCLINEINDEX((1,2,3,4,1))),$);
#897=IFCSHAPEREPRESENTATION(#18,'Profile','Curve3D',(#896));
#898=IFCCARTESIANPOINT((0.,0.,0.));
#899=IFCDIRECTION((1.,0.,0.));
#900=IFCDIRECTION((0.,0.,1.));
#901=IFCAXIS2PLACEMENT3D(#898,#900,#899);
#902=IFCREPRESENTATIONMAP(#901,#897);
#903=IFCCARTESIANPOINTLIST2D(((0.,0.),(0.,2.),(0.89999997615814209,2.),(0.89999997615814209,0.),(0.87499997578561306,0.),(0.87499997578561306,1.974999999627471),(0.02500000037252903,1.974999999627471),(0.02500000037252903,0.)));
#904=IFCINDEXEDPOLYCURVE(#903,(IFCLINEINDEX((1,2,3,4,5,6,7,8,1))),$);
#905=IFCARBITRARYCLOSEDPROFILEDEF(.AREA.,$,#904);
#906=IFCCARTESIANPOINT((0.,0.02500000037252903,0.));
#907=IFCDIRECTION((0.,-1.,0.));
#908=IFCDIRECTION((1.,0.,0.));
#909=IFCAXIS2PLACEMENT3D(#906,#907,#908);
#910=IFCDIRECTION((0.,0.,-1.));
#911=IFCEXTRUDEDAREASOLID(#905,#909,#910,0.02500000037252903);
#912=IFCCARTESIANPOINTLIST2D(((0.,0.),(0.,2.),(0.89999997615814209,2.),(0.89999997615814209,0.),(0.84999997541308403,0.),(0.84999997541308403,1.9499999992549419),(0.05000000074505806,1.9499999992549419),(0.05000000074505806,0.)));
#913=IFCINDEXEDPOLYCURVE(#912,(IFCLINEINDEX((1,2,3,4,5,6,7,8,1))),$);
#914=IFCARBITRARYCLOSEDPROFILEDEF(.AREA.,$,#913);
#915=IFCCARTESIANPOINT((0.,0.,0.));
#916=IFCDIRECTION((0.,-1.,0.));
#917=IFCDIRECTION((1.,0.,0.));
#918=IFCAXIS2PLACEMENT3D(#915,#916,#917);
#919=IFCDIRECTION((0.,0.,-1.));
#920=IFCEXTRUDEDAREASOLID(#914,#918,#919,0.02500000037252903);
#921=IFCCARTESIANPOINTLIST2D(((0.,0.),(0.79999997466802597,0.),(0.79999997466802597,0.10000000149011612),(0.,0.10000000149011612)));
#922=IFCINDEXEDPOLYCURVE(#921,(IFCLINEINDEX((1,2,3,4,1))),$);
#923=IFCARBITRARYCLOSEDPROFILEDEF(.AREA.,$,#922);
#924=IFCCARTESIANPOINT((0.05000000074505806,0.,0.));
#925=IFCDIRECTION((0.,0.,1.));
#926=IFCDIRECTION((1.,0.,0.));
#927=IFCAXIS2PLACEMENT3D(#924,#925,#926);
#928=IFCDIRECTION((0.,0.,1.));
#929=IFCEXTRUDEDAREASOLID(#923,#927,#928,0.02500000037252903);
#930=IFCCARTESIANPOINTLIST2D(((0.,0.),(0.,2.0250000022351742),(0.94999998062849045,2.0250000022351742),(0.94999998062849045,0.),(0.87499997764825821,0.),(0.87499997764825821,1.9499999992549419),(0.075000002980232239,1.9499999992549419),(0.075000002980232239,0.)));
#931=IFCINDEXEDPOLYCURVE(#930,(IFCLINEINDEX((1,2,3,4,5,6,7,8,1))),$);
#932=IFCARBITRARYCLOSEDPROFILEDEF(.AREA.,$,#931);
#933=IFCCARTESIANPOINT((-0.025000002235174179,-0.004999999888241291,0.));
#934=IFCDIRECTION((0.,-1.,0.));
#935=IFCDIRECTION((1.,0.,0.));
#936=IFCAXIS2PLACEMENT3D(#933,#934,#935);
#937=IFCDIRECTION((0.,0.,-1.));
#938=IFCEXTRUDEDAREASOLID(#932,#936,#937,0.004999999888241291);
#939=IFCCARTESIANPOINTLIST2D(((0.,0.),(0.,2.0250000022351742),(0.94999998062849045,2.0250000022351742),(0.94999998062849045,0.),(0.89999997802078724,0.),(0.89999997802078724,1.974999999627471),(0.050000002607703209,1.974999999627471),(0.050000002607703209,0.)));
#940=IFCINDEXEDPOLYCURVE(#939,(IFCLINEINDEX((1,2,3,4,5,6,7,8,1))),$);
#941=IFCARBITRARYCLOSEDPROFILEDEF(.AREA.,$,#940);
#942=IFCCARTESIANPOINT((-0.025000002235174179,0.05000000074505806,0.));
#943=IFCDIRECTION((0.,-1.,0.));
#944=IFCDIRECTION((1.,0.,0.));
#945=IFCAXIS2PLACEMENT3D(#942,#943,#944);
#946=IFCDIRECTION((0.,0.,-1.));
#947=IFCEXTRUDEDAREASOLID(#941,#945,#946,0.004999999888241291);
#948=IFCCARTESIANPOINTLIST2D(((0.,0.),(0.84999997541308403,0.),(0.84999997541308403,0.035000000149011612),(0.,0.035000000149011612)));
#949=IFCINDEXEDPOLYCURVE(#948,(IFCLINEINDEX((1,2,3,4,1))),$);
#950=IFCARBITRARYCLOSEDPROFILEDEF(.AREA.,$,#949);
#951=IFCCARTESIANPOINT((0.02500000037252903,0.02500000037252903,0.02500000037252903));
#952=IFCDIRECTION((0.,0.,1.));
#953=IFCDIRECTION((1.,0.,0.));
#954=IFCAXIS2PLACEMENT3D(#951,#952,#953);
#955=IFCDIRECTION((0.,0.,1.));
#956=IFCEXTRUDEDAREASOLID(#950,#954,#955,1.9499999992549419);
#957=IFCCARTESIANPOINTLIST2D(((0.,0.),(0.,-0.040000000000000001),(-0.11999999999999988,-0.040000000000000001),(-0.11999999999999988,-0.02),(-0.020000000000000018,-0.02),(-0.020000000000000018,0.)));
#958=IFCINDEXEDPOLYCURVE(#957,(IFCLINEINDEX((1,2,3,4,5,6,1))),$);
#959=IFCARBITRARYCLOSEDPROFILEDEF(.AREA.,$,#958);
#960=IFCCARTESIANPOINT((0.82499997578561302,0.02500000037252903,1.015000000372529));
#961=IFCDIRECTION((0.,0.,1.));
#962=IFCDIRECTION((1.,0.,0.));
#963=IFCAXIS2PLACEMENT3D(#960,#961,#962);
#964=IFCDIRECTION((0.,0.,1.));
#965=IFCEXTRUDEDAREASOLID(#959,#963,#964,0.02);
#966=IFCEXTRUDEDAREASOLID(#967,#970,#974,0.02);
#967=IFCARBITRARYCLOSEDPROFILEDEF(.AREA.,$,#968);
#968=IFCINDEXEDPOLYCURVE(#969,(IFCLINEINDEX((1,2,3,4,5,6,1))),$);
#969=IFCCARTESIANPOINTLIST2D(((0.,0.),(0.,0.040000000000000008),(-0.11999999999999988,0.040000000000000008),(-0.11999999999999988,0.020000000000000004),(-0.020000000000000018,0.020000000000000004),(-0.020000000000000018,0.)));
#970=IFCAXIS2PLACEMENT3D(#971,#972,#973);
#971=IFCCARTESIANPOINT((0.82499997578561302,0.060000000521540642,1.015000000372529));
#972=IFCDIRECTION((0.,0.,1.));
#973=IFCDIRECTION((1.,0.,0.));
#974=IFCDIRECTION((0.,0.,1.));
#975=IFCSHAPEREPRESENTATION(#11,'Body','SweptSolid',(#911,#920,#956,#965,#966,#929,#938,#947));
#976=IFCCARTESIANPOINT((0.,0.,0.));
#977=IFCDIRECTION((1.,0.,0.));
#978=IFCDIRECTION((0.,0.,1.));
#979=IFCAXIS2PLACEMENT3D(#976,#978,#977);
#980=IFCREPRESENTATIONMAP(#979,#975);
#981=IFCCARTESIANPOINTLIST2D(((0.,0.),(0.,0.05000000074505806),(0.02500000037252903,0.05000000074505806),(0.02500000037252903,0.02500000037252903),(0.05000000074505806,0.02500000037252903),(0.05000000074505806,0.)));
#982=IFCINDEXEDPOLYCURVE(#981,(IFCLINEINDEX((1,2,3,4,5,6,1))),$);
#983=IFCINDEXEDPOLYCURVE(#984,(IFCLINEINDEX((1,2,3,4,5,6,1))),$);
#984=IFCCARTESIANPOINTLIST2D(((0.89999997615814209,0.),(0.89999997615814209,0.05000000074505806),(0.87499997578561306,0.05000000074505806),(0.87499997578561306,0.02500000037252903),(0.84999997541308403,0.02500000037252903),(0.84999997541308403,0.)));
#985=IFCDIRECTION((1.,0.));
#986=IFCCARTESIANPOINT((0.060000000521540642,0.05000000074505806));
#987=IFCAXIS2PLACEMENT2D(#986,#985);
#988=IFCELLIPSE(#987,0.81499997526407242,0.84999997541308403);
#989=IFCCARTESIANPOINT((0.87499997578561306,0.05000000074505806));
#990=IFCCARTESIANPOINT((0.060000000521540642,0.89999997615814209));
#991=IFCTRIMMEDCURVE(#988,(#989),(#990),.T.,.CARTESIAN.);
#992=IFCCARTESIANPOINTLIST2D(((0.02500000037252903,0.05000000074505806),(0.060000000521540642,0.05000000074505806),(0.060000000521540642,0.89999997615814209),(0.02500000037252903,0.89999997615814209)));
#993=IFCINDEXEDPOLYCURVE(#992,(IFCLINEINDEX((1,2,3,4,1))),$);
#994=IFCSHAPEREPRESENTATION(#24,'Body','Curve2D',(#982,#983,#991,#993));
#995=IFCCARTESIANPOINT((0.,0.,0.));
#996=IFCDIRECTION((1.,0.,0.));
#997=IFCDIRECTION((0.,0.,1.));
#998=IFCAXIS2PLACEMENT3D(#995,#997,#996);
#999=IFCREPRESENTATIONMAP(#998,#994);
#1000=IFCDOOR('0Xg2Kx4U94T90C5Oc$LIL2',$,'Door',$,$,#2915,#1009,$,2.,0.89999997615814209,$,$,$);
#1001=IFCRELDEFINESBYTYPE('1MZm1dvrTEPgBA8UvzkRjR',$,$,$,(#1000),#892);
#1002=IFCCARTESIANPOINT((0.,0.,0.));
#1003=IFCDIRECTION((1.,0.,0.));
#1004=IFCDIRECTION((0.,1.,0.));
#1005=IFCDIRECTION((0.,0.,1.));
#1006=IFCCARTESIANTRANSFORMATIONOPERATOR3D(#1003,#1004,#1002,1.,#1005);
#1007=IFCMAPPEDITEM(#902,#1006);
#1008=IFCSHAPEREPRESENTATION(#18,'Profile','MappedRepresentation',(#1007));
#1009=IFCPRODUCTDEFINITIONSHAPE($,$,(#1008,#1016,#1023));
#1010=IFCCARTESIANPOINT((0.,0.,0.));
#1011=IFCDIRECTION((1.,0.,0.));
#1012=IFCDIRECTION((0.,1.,0.));
#1013=IFCDIRECTION((0.,0.,1.));
#1014=IFCCARTESIANTRANSFORMATIONOPERATOR3D(#1011,#1012,#1010,1.,#1013);
#1015=IFCMAPPEDITEM(#980,#1014);
#1016=IFCSHAPEREPRESENTATION(#11,'Body','MappedRepresentation',(#1015));
#1017=IFCCARTESIANPOINT((0.,0.,0.));
#1018=IFCDIRECTION((1.,0.,0.));
#1019=IFCDIRECTION((0.,1.,0.));
#1020=IFCDIRECTION((0.,0.,1.));
#1021=IFCCARTESIANTRANSFORMATIONOPERATOR3D(#1018,#1019,#1017,1.,#1020);
#1022=IFCMAPPEDITEM(#999,#1021);
#1023=IFCSHAPEREPRESENTATION(#24,'Body','MappedRepresentation',(#1022));
#1029=IFCDOORTYPE('0urC7SdKz78eMY0s820E0P',$,'Guest Room Door',$,$,(#1030),(#1039,#1117,#1136,#1343),$,$,.DOOR.,.SINGLE_SWING_LEFT.,$,$);
#1030=IFCPROPERTYSET('0MF5WjOgfD$9Y51tBnJwc4',$,'BBIM_Door',$,(#1031));
#1031=IFCPROPERTYSINGLEVALUE('Data',$,IFCTEXT('{"door_type": "SLIDING_TO_RIGHT", "overall_height": 2.0, "overall_width": 0.8999999761581421, "lining_properties": {"lining_depth": 0.0984610766172409, "lining_thickness": 0.05000000074505806, "lining_offset": 0.0, "transom_thickness": 0.0, "casing_thickness": 0.07500000298023224, "casing_depth": 0.004999999888241291, "threshold_thickness": 0.02500000037252903, "threshold_depth": 0.10000000149011612, "threshold_offset": 0.0}, "panel_properties": {"panel_depth": 0.06892281770706177, "panel_width_ratio": 1.0}}'),$);
#1035=IFCCARTESIANPOINT((0.,0.,0.));
#1036=IFCDIRECTION((1.,0.,0.));
#1037=IFCDIRECTION((0.,0.,1.));
#1038=IFCAXIS2PLACEMENT3D(#1035,#1037,#1036);
#1039=IFCREPRESENTATIONMAP(#1038,#1262);
#1113=IFCCARTESIANPOINT((0.,0.,0.));
#1114=IFCDIRECTION((1.,0.,0.));
#1115=IFCDIRECTION((0.,0.,1.));
#1116=IFCAXIS2PLACEMENT3D(#1113,#1115,#1114);
#1117=IFCREPRESENTATIONMAP(#1116,#1326);
#1132=IFCCARTESIANPOINT((0.,0.,0.));
#1133=IFCDIRECTION((1.,0.,0.));
#1134=IFCDIRECTION((0.,0.,1.));
#1135=IFCAXIS2PLACEMENT3D(#1132,#1134,#1133);
#1136=IFCREPRESENTATIONMAP(#1135,#1333);
#1260=IFCCARTESIANPOINTLIST3D(((0.,0.,0.),(0.89999997615814209,0.,0.),(0.89999997615814209,0.,2.),(0.,0.,2.)));
#1261=IFCINDEXEDPOLYCURVE(#1260,(IFCLINEINDEX((1,2,3,4,1))),$);
#1262=IFCSHAPEREPRESENTATION(#18,'Profile','Curve3D',(#1261));
#1263=IFCCARTESIANPOINTLIST2D(((0.,0.),(0.,2.),(0.89999997615814209,2.),(0.89999997615814209,0.),(0.84999997541308403,0.),(0.84999997541308403,1.9499999992549419),(0.05000000074505806,1.9499999992549419),(0.05000000074505806,0.)));
#1264=IFCINDEXEDPOLYCURVE(#1263,(IFCLINEINDEX((1,2,3,4,5,6,7,8,1))),$);
#1265=IFCARBITRARYCLOSEDPROFILEDEF(.AREA.,$,#1264);
#1266=IFCCARTESIANPOINT((0.,0.,0.));
#1267=IFCDIRECTION((0.,-1.,0.));
#1268=IFCDIRECTION((1.,0.,0.));
#1269=IFCAXIS2PLACEMENT3D(#1266,#1267,#1268);
#1270=IFCDIRECTION((0.,0.,-1.));
#1271=IFCEXTRUDEDAREASOLID(#1265,#1269,#1270,0.098461076617240906);
#1272=IFCCARTESIANPOINTLIST2D(((0.,0.),(0.79999997466802597,0.),(0.79999997466802597,0.10000000149011612),(0.,0.10000000149011612)));
#1273=IFCINDEXEDPOLYCURVE(#1272,(IFCLINEINDEX((1,2,3,4,1))),$);
#1274=IFCARBITRARYCLOSEDPROFILEDEF(.AREA.,$,#1273);
#1275=IFCCARTESIANPOINT((0.05000000074505806,0.,0.));
#1276=IFCDIRECTION((0.,0.,1.));
#1277=IFCDIRECTION((1.,0.,0.));
#1278=IFCAXIS2PLACEMENT3D(#1275,#1276,#1277);
#1279=IFCDIRECTION((0.,0.,1.));
#1280=IFCEXTRUDEDAREASOLID(#1274,#1278,#1279,0.02500000037252903);
#1281=IFCCARTESIANPOINTLIST2D(((0.,0.),(0.,2.0250000022351742),(0.94999998062849045,2.0250000022351742),(0.94999998062849045,0.),(0.87499997764825821,0.),(0.87499997764825821,1.9499999992549419),(0.075000002980232239,1.9499999992549419),(0.075000002980232239,0.)));
#1282=IFCINDEXEDPOLYCURVE(#1281,(IFCLINEINDEX((1,2,3,4,5,6,7,8,1))),$);
#1283=IFCARBITRARYCLOSEDPROFILEDEF(.AREA.,$,#1282);
#1284=IFCCARTESIANPOINT((-0.025000002235174179,-0.004999999888241291,0.));
#1285=IFCDIRECTION((0.,-1.,0.));
#1286=IFCDIRECTION((1.,0.,0.));
#1287=IFCAXIS2PLACEMENT3D(#1284,#1285,#1286);
#1288=IFCDIRECTION((0.,0.,-1.));
#1289=IFCEXTRUDEDAREASOLID(#1283,#1287,#1288,0.004999999888241291);
#1290=IFCCARTESIANPOINTLIST2D(((0.,0.),(0.,2.0250000022351742),(0.94999998062849045,2.0250000022351742),(0.94999998062849045,0.),(0.87499997764825821,0.),(0.87499997764825821,1.9499999992549419),(0.075000002980232239,1.9499999992549419),(0.075000002980232239,0.)));
#1291=IFCINDEXEDPOLYCURVE(#1290,(IFCLINEINDEX((1,2,3,4,5,6,7,8,1))),$);
#1292=IFCARBITRARYCLOSEDPROFILEDEF(.AREA.,$,#1291);
#1293=IFCCARTESIANPOINT((-0.025000002235174179,0.098461076617240906,0.));
#1294=IFCDIRECTION((0.,-1.,0.));
#1295=IFCDIRECTION((1.,0.,0.));
#1296=IFCAXIS2PLACEMENT3D(#1293,#1294,#1295);
#1297=IFCDIRECTION((0.,0.,-1.));
#1298=IFCEXTRUDEDAREASOLID(#1292,#1296,#1297,0.004999999888241291);
#1299=IFCCARTESIANPOINTLIST2D(((0.,0.),(0.79999997466802597,0.),(0.79999997466802597,0.068922817707061768),(0.,0.068922817707061768)));
#1300=IFCINDEXEDPOLYCURVE(#1299,(IFCLINEINDEX((1,2,3,4,1))),$);
#1301=IFCARBITRARYCLOSEDPROFILEDEF(.AREA.,$,#1300);
#1302=IFCCARTESIANPOINT((0.05000000074505806,-0.068922817707061768,0.02500000037252903));
#1303=IFCDIRECTION((0.,0.,1.));
#1304=IFCDIRECTION((1.,0.,0.));
#1305=IFCAXIS2PLACEMENT3D(#1302,#1303,#1304);
#1306=IFCDIRECTION((0.,0.,1.));
#1307=IFCEXTRUDEDAREASOLID(#1301,#1305,#1306,1.9249999988824129);
#1308=IFCCARTESIANPOINTLIST2D(((0.,0.),(0.,-0.040000000000000001),(0.12,-0.040000000000000001),(0.12,-0.02),(0.02,-0.02),(0.02,0.)));
#1309=IFCINDEXEDPOLYCURVE(#1308,(IFCLINEINDEX((1,2,3,4,5,6,1))),$);
#1310=IFCARBITRARYCLOSEDPROFILEDEF(.AREA.,$,#1309);
#1311=IFCCARTESIANPOINT((0.10000000074505806,-0.068922817707061768,1.015000000372529));
#1312=IFCDIRECTION((0.,0.,1.));
#1313=IFCDIRECTION((1.,0.,0.));
#1314=IFCAXIS2PLACEMENT3D(#1311,#1312,#1313);
#1315=IFCDIRECTION((0.,0.,1.));
#1316=IFCEXTRUDEDAREASOLID(#1310,#1314,#1315,0.02);
#1317=IFCEXTRUDEDAREASOLID(#1318,#1321,#1325,0.02);
#1318=IFCARBITRARYCLOSEDPROFILEDEF(.AREA.,$,#1319);
#1319=IFCINDEXEDPOLYCURVE(#1320,(IFCLINEINDEX((1,2,3,4,5,6,1))),$);
#1320=IFCCARTESIANPOINTLIST2D(((0.,0.),(0.,0.040000000000000008),(0.11999999999999998,0.040000000000000008),(0.11999999999999998,0.020000000000000004),(0.020000000000000004,0.020000000000000004),(0.020000000000000004,0.)));
#1321=IFCAXIS2PLACEMENT3D(#1322,#1323,#1324);
#1322=IFCCARTESIANPOINT((0.10000000074505806,0.,1.015000000372529));
#1323=IFCDIRECTION((0.,0.,1.));
#1324=IFCDIRECTION((1.,0.,0.));
#1325=IFCDIRECTION((0.,0.,1.));
#1326=IFCSHAPEREPRESENTATION(#11,'Body','SweptSolid',(#1271,#1307,#1316,#1317,#1280,#1289,#1298));
#1327=IFCCARTESIANPOINTLIST2D(((0.,0.),(0.05000000074505806,0.),(0.05000000074505806,0.098461076617240906),(0.,0.098461076617240906)));
#1328=IFCINDEXEDPOLYCURVE(#1327,(IFCLINEINDEX((1,2,3,4,1))),$);
#1329=IFCINDEXEDPOLYCURVE(#1330,(IFCLINEINDEX((1,2,3,4,1))),$);
#1330=IFCCARTESIANPOINTLIST2D(((0.89999997615814209,0.),(0.84999997541308403,0.),(0.84999997541308403,0.098461076617240906),(0.89999997615814209,0.098461076617240906)));
#1331=IFCCARTESIANPOINTLIST2D(((1.249999962747097,-0.068922817707061768),(0.44999998807907104,-0.068922817707061768),(0.44999998807907104,0.),(1.249999962747097,0.)));
#1332=IFCINDEXEDPOLYCURVE(#1331,(IFCLINEINDEX((1,2,3,4,1))),$);
#1333=IFCSHAPEREPRESENTATION(#24,'Body','Curve2D',(#1328,#1329,#1332));
#1334=IFCCARTESIANPOINTLIST2D(((0.32999999187886714,-0.1155102458255155),(0.56999998427927501,-0.1155102458255155)));
#1335=IFCINDEXEDPOLYCURVE(#1334,$,$);
#1336=IFCCARTESIANPOINTLIST2D(((0.35999999187886711,-0.084451960413213012),(0.32999999187886714,-0.1155102458255155),(0.35999999187886711,-0.14656853123781799)));
#1337=IFCINDEXEDPOLYCURVE(#1336,$,$);
#1338=IFCSHAPEREPRESENTATION(#25,'Annotation','Curve2D',(#1335,#1337));
#1339=IFCCARTESIANPOINT((0.,0.,0.));
#1340=IFCDIRECTION((1.,0.,0.));
#1341=IFCDIRECTION((0.,0.,1.));
#1342=IFCAXIS2PLACEMENT3D(#1339,#1341,#1340);
#1343=IFCREPRESENTATIONMAP(#1342,#1338);
#1351=IFCDOOR('2GQeNgOAj37O1fU0B$YUaa',$,'Door',$,$,#1422,#1360,$,2.,0.89999997615814209,$,$,$);
#1352=IFCRELDEFINESBYTYPE('2VJ5vMKMjC6uQoKTjVPSvz',$,$,$,(#1351),#1029);
#1353=IFCCARTESIANPOINT((0.,0.,0.));
#1354=IFCDIRECTION((1.,0.,0.));
#1355=IFCDIRECTION((0.,1.,0.));
#1356=IFCDIRECTION((0.,0.,1.));
#1357=IFCCARTESIANTRANSFORMATIONOPERATOR3D(#1354,#1355,#1353,1.,#1356);
#1358=IFCMAPPEDITEM(#1039,#1357);
#1359=IFCSHAPEREPRESENTATION(#18,'Profile','MappedRepresentation',(#1358));
#1360=IFCPRODUCTDEFINITIONSHAPE($,$,(#1359,#1367,#1374,#1381));
#1361=IFCCARTESIANPOINT((0.,0.,0.));
#1362=IFCDIRECTION((1.,0.,0.));
#1363=IFCDIRECTION((0.,1.,0.));
#1364=IFCDIRECTION((0.,0.,1.));
#1365=IFCCARTESIANTRANSFORMATIONOPERATOR3D(#1362,#1363,#1361,1.,#1364);
#1366=IFCMAPPEDITEM(#1117,#1365);
#1367=IFCSHAPEREPRESENTATION(#11,'Body','MappedRepresentation',(#1366));
#1368=IFCCARTESIANPOINT((0.,0.,0.));
#1369=IFCDIRECTION((1.,0.,0.));
#1370=IFCDIRECTION((0.,1.,0.));
#1371=IFCDIRECTION((0.,0.,1.));
#1372=IFCCARTESIANTRANSFORMATIONOPERATOR3D(#1369,#1370,#1368,1.,#1371);
#1373=IFCMAPPEDITEM(#1136,#1372);
#1374=IFCSHAPEREPRESENTATION(#24,'Body','MappedRepresentation',(#1373));
#1375=IFCCARTESIANPOINT((0.,0.,0.));
#1376=IFCDIRECTION((1.,0.,0.));
#1377=IFCDIRECTION((0.,1.,0.));
#1378=IFCDIRECTION((0.,0.,1.));
#1379=IFCCARTESIANTRANSFORMATIONOPERATOR3D(#1376,#1377,#1375,1.,#1378);
#1380=IFCMAPPEDITEM(#1343,#1379);
#1381=IFCSHAPEREPRESENTATION(#25,'Annotation','MappedRepresentation',(#1380));
#1382=IFCOPENINGELEMENT('0q44JdmBr6rPbYkYfazzAw',$,'Opening',$,$,#1416,#1410,$,.OPENING.);
#1388=IFCCARTESIANPOINTLIST2D(((0.,0.),(0.89999997615814209,0.),(0.89999997615814209,2.),(0.,2.)));
#1389=IFCINDEXEDPOLYCURVE(#1388,(IFCLINEINDEX((1,2,3,4,1))),$);
#1390=IFCARBITRARYCLOSEDPROFILEDEF(.AREA.,$,#1389);
#1391=IFCCARTESIANPOINT((0.,-0.60000002384185791,0.));
#1392=IFCDIRECTION((0.,-1.,0.));
#1393=IFCDIRECTION((1.,0.,0.));
#1394=IFCAXIS2PLACEMENT3D(#1391,#1392,#1393);
#1395=IFCDIRECTION((0.,0.,-1.));
#1396=IFCEXTRUDEDAREASOLID(#1390,#1394,#1395,1.2);
#1397=IFCSHAPEREPRESENTATION(#11,'Body','SweptSolid',(#1396));
#1398=IFCCARTESIANPOINT((0.,0.,0.));
#1399=IFCDIRECTION((1.,0.,0.));
#1400=IFCDIRECTION((0.,0.,1.));
#1401=IFCAXIS2PLACEMENT3D(#1398,#1400,#1399);
#1402=IFCREPRESENTATIONMAP(#1401,#1397);
#1403=IFCCARTESIANPOINT((0.,0.,0.));
#1404=IFCDIRECTION((1.,0.,0.));
#1405=IFCDIRECTION((0.,1.,0.));
#1406=IFCDIRECTION((0.,0.,1.));
#1407=IFCCARTESIANTRANSFORMATIONOPERATOR3D(#1404,#1405,#1403,1.,#1406);
#1408=IFCMAPPEDITEM(#1402,#1407);
#1409=IFCSHAPEREPRESENTATION(#11,'Body','MappedRepresentation',(#1408));
#1410=IFCPRODUCTDEFINITIONSHAPE($,$,(#1409));
#1411=IFCRELVOIDSELEMENT('0qFSO46xn96vj0M5Kj2c_a',$,$,$,#639,#1382);
#1412=IFCCARTESIANPOINT((1.0025503591695057,0.1000001272693708,0.));
#1413=IFCDIRECTION((0.,0.,1.));
#1414=IFCDIRECTION((-0.99999999999999956,3.178651297730528E-08,0.));
#1415=IFCAXIS2PLACEMENT3D(#1412,#1413,#1414);
#1416=IFCLOCALPLACEMENT(#650,#1415);
#1417=IFCRELFILLSELEMENT('0xcS0H7cL2pBjx_v5Oms0E',$,$,$,#1382,#1351);
#1418=IFCCARTESIANPOINT((-2.2204460492503131E-16,0.,0.));
#1419=IFCDIRECTION((0.,0.,1.));
#1420=IFCDIRECTION((0.99999999999999989,1.3234889800848443E-23,0.));
#1421=IFCAXIS2PLACEMENT3D(#1418,#1419,#1420);
#1422=IFCLOCALPLACEMENT(#1416,#1421);
#1423=IFCDOORTYPE('2MLY4da3j5ThnN8wve9lr0',$,'Bathroom Door',$,$,(#1424),(#1433,#1511,#1530),$,$,.DOOR.,.SINGLE_SWING_LEFT.,$,$);
#1424=IFCPROPERTYSET('32QRtycpnFT91iJ70tSNE3',$,'BBIM_Door',$,(#1425));
#1425=IFCPROPERTYSINGLEVALUE('Data',$,IFCTEXT('{"door_type": "SINGLE_SWING_LEFT", "overall_height": 2.0, "overall_width": 0.8999999761581421, "lining_properties": {"lining_depth": 0.05000000074505806, "lining_thickness": 0.05000000074505806, "lining_offset": 0.0, "lining_to_panel_offset_x": 0.02500000037252903, "lining_to_panel_offset_y": 0.02500000037252903, "transom_thickness": 0.0, "casing_thickness": 0.07500000298023224, "casing_depth": 0.004999999888241291, "threshold_thickness": 0.02500000037252903, "threshold_depth": 0.10000000149011612, "threshold_offset": 0.0}, "panel_properties": {"panel_depth": 0.03500000014901161, "panel_width_ratio": 1.0}}'),$);
#1426=IFCCARTESIANPOINTLIST3D(((0.,0.,0.),(0.89999997615814209,0.,0.),(0.89999997615814209,0.,2.),(0.,0.,2.)));
#1427=IFCINDEXEDPOLYCURVE(#1426,(IFCLINEINDEX((1,2,3,4,1))),$);
#1428=IFCSHAPEREPRESENTATION(#18,'Profile','Curve3D',(#1427));
#1429=IFCCARTESIANPOINT((0.,0.,0.));
#1430=IFCDIRECTION((1.,0.,0.));
#1431=IFCDIRECTION((0.,0.,1.));
#1432=IFCAXIS2PLACEMENT3D(#1429,#1431,#1430);
#1433=IFCREPRESENTATIONMAP(#1432,#1428);
#1434=IFCCARTESIANPOINTLIST2D(((0.,0.),(0.,2.),(0.89999997615814209,2.),(0.89999997615814209,0.),(0.87499997578561306,0.),(0.87499997578561306,1.974999999627471),(0.02500000037252903,1.974999999627471),(0.02500000037252903,0.)));
#1435=IFCINDEXEDPOLYCURVE(#1434,(IFCLINEINDEX((1,2,3,4,5,6,7,8,1))),$);
#1436=IFCARBITRARYCLOSEDPROFILEDEF(.AREA.,$,#1435);
#1437=IFCCARTESIANPOINT((0.,0.02500000037252903,0.));
#1438=IFCDIRECTION((0.,-1.,0.));
#1439=IFCDIRECTION((1.,0.,0.));
#1440=IFCAXIS2PLACEMENT3D(#1437,#1438,#1439);
#1441=IFCDIRECTION((0.,0.,-1.));
#1442=IFCEXTRUDEDAREASOLID(#1436,#1440,#1441,0.02500000037252903);
#1443=IFCCARTESIANPOINTLIST2D(((0.,0.),(0.,2.),(0.89999997615814209,2.),(0.89999997615814209,0.),(0.84999997541308403,0.),(0.84999997541308403,1.9499999992549419),(0.05000000074505806,1.9499999992549419),(0.05000000074505806,0.)));
#1444=IFCINDEXEDPOLYCURVE(#1443,(IFCLINEINDEX((1,2,3,4,5,6,7,8,1))),$);
#1445=IFCARBITRARYCLOSEDPROFILEDEF(.AREA.,$,#1444);
#1446=IFCCARTESIANPOINT((0.,0.,0.));
#1447=IFCDIRECTION((0.,-1.,0.));
#1448=IFCDIRECTION((1.,0.,0.));
#1449=IFCAXIS2PLACEMENT3D(#1446,#1447,#1448);
#1450=IFCDIRECTION((0.,0.,-1.));
#1451=IFCEXTRUDEDAREASOLID(#1445,#1449,#1450,0.02500000037252903);
#1452=IFCCARTESIANPOINTLIST2D(((0.,0.),(0.79999997466802597,0.),(0.79999997466802597,0.10000000149011612),(0.,0.10000000149011612)));
#1453=IFCINDEXEDPOLYCURVE(#1452,(IFCLINEINDEX((1,2,3,4,1))),$);
#1454=IFCARBITRARYCLOSEDPROFILEDEF(.AREA.,$,#1453);
#1455=IFCCARTESIANPOINT((0.05000000074505806,0.,0.));
#1456=IFCDIRECTION((0.,0.,1.));
#1457=IFCDIRECTION((1.,0.,0.));
#1458=IFCAXIS2PLACEMENT3D(#1455,#1456,#1457);
#1459=IFCDIRECTION((0.,0.,1.));
#1460=IFCEXTRUDEDAREASOLID(#1454,#1458,#1459,0.02500000037252903);
#1461=IFCCARTESIANPOINTLIST2D(((0.,0.),(0.,2.0250000022351742),(0.94999998062849045,2.0250000022351742),(0.94999998062849045,0.),(0.87499997764825821,0.),(0.87499997764825821,1.9499999992549419),(0.075000002980232239,1.9499999992549419),(0.075000002980232239,0.)));
#1462=IFCINDEXEDPOLYCURVE(#1461,(IFCLINEINDEX((1,2,3,4,5,6,7,8,1))),$);
#1463=IFCARBITRARYCLOSEDPROFILEDEF(.AREA.,$,#1462);
#1464=IFCCARTESIANPOINT((-0.025000002235174179,-0.004999999888241291,0.));
#1465=IFCDIRECTION((0.,-1.,0.));
#1466=IFCDIRECTION((1.,0.,0.));
#1467=IFCAXIS2PLACEMENT3D(#1464,#1465,#1466);
#1468=IFCDIRECTION((0.,0.,-1.));
#1469=IFCEXTRUDEDAREASOLID(#1463,#1467,#1468,0.004999999888241291);
#1470=IFCCARTESIANPOINTLIST2D(((0.,0.),(0.,2.0250000022351742),(0.94999998062849045,2.0250000022351742),(0.94999998062849045,0.),(0.89999997802078724,0.),(0.89999997802078724,1.974999999627471),(0.050000002607703209,1.974999999627471),(0.050000002607703209,0.)));
#1471=IFCINDEXEDPOLYCURVE(#1470,(IFCLINEINDEX((1,2,3,4,5,6,7,8,1))),$);
#1472=IFCARBITRARYCLOSEDPROFILEDEF(.AREA.,$,#1471);
#1473=IFCCARTESIANPOINT((-0.025000002235174179,0.05000000074505806,0.));
#1474=IFCDIRECTION((0.,-1.,0.));
#1475=IFCDIRECTION((1.,0.,0.));
#1476=IFCAXIS2PLACEMENT3D(#1473,#1474,#1475);
#1477=IFCDIRECTION((0.,0.,-1.));
#1478=IFCEXTRUDEDAREASOLID(#1472,#1476,#1477,0.004999999888241291);
#1479=IFCCARTESIANPOINTLIST2D(((0.,0.),(0.84999997541308403,0.),(0.84999997541308403,0.035000000149011612),(0.,0.035000000149011612)));
#1480=IFCINDEXEDPOLYCURVE(#1479,(IFCLINEINDEX((1,2,3,4,1))),$);
#1481=IFCARBITRARYCLOSEDPROFILEDEF(.AREA.,$,#1480);
#1482=IFCCARTESIANPOINT((0.02500000037252903,0.02500000037252903,0.02500000037252903));
#1483=IFCDIRECTION((0.,0.,1.));
#1484=IFCDIRECTION((1.,0.,0.));
#1485=IFCAXIS2PLACEMENT3D(#1482,#1483,#1484);
#1486=IFCDIRECTION((0.,0.,1.));
#1487=IFCEXTRUDEDAREASOLID(#1481,#1485,#1486,1.9499999992549419);
#1488=IFCCARTESIANPOINTLIST2D(((0.,0.),(0.,-0.040000000000000001),(-0.11999999999999988,-0.040000000000000001),(-0.11999999999999988,-0.02),(-0.020000000000000018,-0.02),(-0.020000000000000018,0.)));
#1489=IFCINDEXEDPOLYCURVE(#1488,(IFCLINEINDEX((1,2,3,4,5,6,1))),$);
#1490=IFCARBITRARYCLOSEDPROFILEDEF(.AREA.,$,#1489);
#1491=IFCCARTESIANPOINT((0.82499997578561302,0.02500000037252903,1.015000000372529));
#1492=IFCDIRECTION((0.,0.,1.));
#1493=IFCDIRECTION((1.,0.,0.));
#1494=IFCAXIS2PLACEMENT3D(#1491,#1492,#1493);
#1495=IFCDIRECTION((0.,0.,1.));
#1496=IFCEXTRUDEDAREASOLID(#1490,#1494,#1495,0.02);
#1497=IFCEXTRUDEDAREASOLID(#1498,#1501,#1505,0.02);
#1498=IFCARBITRARYCLOSEDPROFILEDEF(.AREA.,$,#1499);
#1499=IFCINDEXEDPOLYCURVE(#1500,(IFCLINEINDEX((1,2,3,4,5,6,1))),$);
#1500=IFCCARTESIANPOINTLIST2D(((0.,0.),(0.,0.040000000000000008),(-0.11999999999999988,0.040000000000000008),(-0.11999999999999988,0.020000000000000004),(-0.020000000000000018,0.020000000000000004),(-0.020000000000000018,0.)));
#1501=IFCAXIS2PLACEMENT3D(#1502,#1503,#1504);
#1502=IFCCARTESIANPOINT((0.82499997578561302,0.060000000521540642,1.015000000372529));
#1503=IFCDIRECTION((0.,0.,1.));
#1504=IFCDIRECTION((1.,0.,0.));
#1505=IFCDIRECTION((0.,0.,1.));
#1506=IFCSHAPEREPRESENTATION(#11,'Body','SweptSolid',(#1442,#1451,#1487,#1496,#1497,#1460,#1469,#1478));
#1507=IFCCARTESIANPOINT((0.,0.,0.));
#1508=IFCDIRECTION((1.,0.,0.));
#1509=IFCDIRECTION((0.,0.,1.));
#1510=IFCAXIS2PLACEMENT3D(#1507,#1509,#1508);
#1511=IFCREPRESENTATIONMAP(#1510,#1506);
#1512=IFCCARTESIANPOINTLIST2D(((0.,0.),(0.,0.05000000074505806),(0.02500000037252903,0.05000000074505806),(0.02500000037252903,0.02500000037252903),(0.05000000074505806,0.02500000037252903),(0.05000000074505806,0.)));
#1513=IFCINDEXEDPOLYCURVE(#1512,(IFCLINEINDEX((1,2,3,4,5,6,1))),$);
#1514=IFCINDEXEDPOLYCURVE(#1515,(IFCLINEINDEX((1,2,3,4,5,6,1))),$);
#1515=IFCCARTESIANPOINTLIST2D(((0.89999997615814209,0.),(0.89999997615814209,0.05000000074505806),(0.87499997578561306,0.05000000074505806),(0.87499997578561306,0.02500000037252903),(0.84999997541308403,0.02500000037252903),(0.84999997541308403,0.)));
#1516=IFCDIRECTION((1.,0.));
#1517=IFCCARTESIANPOINT((0.060000000521540642,0.05000000074505806));
#1518=IFCAXIS2PLACEMENT2D(#1517,#1516);
#1519=IFCELLIPSE(#1518,0.81499997526407242,0.84999997541308403);
#1520=IFCCARTESIANPOINT((0.87499997578561306,0.05000000074505806));
#1521=IFCCARTESIANPOINT((0.060000000521540642,0.89999997615814209));
#1522=IFCTRIMMEDCURVE(#1519,(#1520),(#1521),.T.,.CARTESIAN.);
#1523=IFCCARTESIANPOINTLIST2D(((0.02500000037252903,0.05000000074505806),(0.060000000521540642,0.05000000074505806),(0.060000000521540642,0.89999997615814209),(0.02500000037252903,0.89999997615814209)));
#1524=IFCINDEXEDPOLYCURVE(#1523,(IFCLINEINDEX((1,2,3,4,1))),$);
#1525=IFCSHAPEREPRESENTATION(#24,'Body','Curve2D',(#1513,#1514,#1522,#1524));
#1526=IFCCARTESIANPOINT((0.,0.,0.));
#1527=IFCDIRECTION((1.,0.,0.));
#1528=IFCDIRECTION((0.,0.,1.));
#1529=IFCAXIS2PLACEMENT3D(#1526,#1528,#1527);
#1530=IFCREPRESENTATIONMAP(#1529,#1525);
#1625=IFCDOOR('338Fy8x8fDueY2HyrVPX7_',$,'Door',$,$,#2920,#1634,$,2.,0.89999997615814209,$,$,$);
#1626=IFCRELDEFINESBYTYPE('3fpz3fRLD8q9fNDw0ZnBQZ',$,$,$,(#1625),#1423);
#1627=IFCCARTESIANPOINT((0.,0.,0.));
#1628=IFCDIRECTION((1.,0.,0.));
#1629=IFCDIRECTION((0.,1.,0.));
#1630=IFCDIRECTION((0.,0.,1.));
#1631=IFCCARTESIANTRANSFORMATIONOPERATOR3D(#1628,#1629,#1627,1.,#1630);
#1632=IFCMAPPEDITEM(#1433,#1631);
#1633=IFCSHAPEREPRESENTATION(#18,'Profile','MappedRepresentation',(#1632));
#1634=IFCPRODUCTDEFINITIONSHAPE($,$,(#1633,#1641,#1648));
#1635=IFCCARTESIANPOINT((0.,0.,0.));
#1636=IFCDIRECTION((1.,0.,0.));
#1637=IFCDIRECTION((0.,1.,0.));
#1638=IFCDIRECTION((0.,0.,1.));
#1639=IFCCARTESIANTRANSFORMATIONOPERATOR3D(#1636,#1637,#1635,1.,#1638);
#1640=IFCMAPPEDITEM(#1511,#1639);
#1641=IFCSHAPEREPRESENTATION(#11,'Body','MappedRepresentation',(#1640));
#1642=IFCCARTESIANPOINT((0.,0.,0.));
#1643=IFCDIRECTION((1.,0.,0.));
#1644=IFCDIRECTION((0.,1.,0.));
#1645=IFCDIRECTION((0.,0.,1.));
#1646=IFCCARTESIANTRANSFORMATIONOPERATOR3D(#1643,#1644,#1642,1.,#1645);
#1647=IFCMAPPEDITEM(#1530,#1646);
#1648=IFCSHAPEREPRESENTATION(#24,'Body','MappedRepresentation',(#1647));
#1654=IFCDOORTYPE('0viGiw9Nj4bQd0DGoDEEpY',$,'Maid''s Room Door',$,$,(#1655),(#1664,#1742,#1761),$,$,.DOOR.,.SINGLE_SWING_LEFT.,$,$);
#1655=IFCPROPERTYSET('2qUxeY_Zf4E9iYEE__jiKz',$,'BBIM_Door',$,(#1656));
#1656=IFCPROPERTYSINGLEVALUE('Data',$,IFCTEXT('{"door_type": "SINGLE_SWING_LEFT", "overall_height": 2.0, "overall_width": 0.8999999761581421, "lining_properties": {"lining_depth": 0.05000000074505806, "lining_thickness": 0.05000000074505806, "lining_offset": 0.0, "lining_to_panel_offset_x": 0.02500000037252903, "lining_to_panel_offset_y": 0.02500000037252903, "transom_thickness": 0.0, "casing_thickness": 0.07500000298023224, "casing_depth": 0.004999999888241291, "threshold_thickness": 0.02500000037252903, "threshold_depth": 0.10000000149011612, "threshold_offset": 0.0}, "panel_properties": {"panel_depth": 0.03500000014901161, "panel_width_ratio": 1.0}}'),$);
#1657=IFCCARTESIANPOINTLIST3D(((0.,0.,0.),(0.89999997615814209,0.,0.),(0.89999997615814209,0.,2.),(0.,0.,2.)));
#1658=IFCINDEXEDPOLYCURVE(#1657,(IFCLINEINDEX((1,2,3,4,1))),$);
#1659=IFCSHAPEREPRESENTATION(#18,'Profile','Curve3D',(#1658));
#1660=IFCCARTESIANPOINT((0.,0.,0.));
#1661=IFCDIRECTION((1.,0.,0.));
#1662=IFCDIRECTION((0.,0.,1.));
#1663=IFCAXIS2PLACEMENT3D(#1660,#1662,#1661);
#1664=IFCREPRESENTATIONMAP(#1663,#1659);
#1665=IFCCARTESIANPOINTLIST2D(((0.,0.),(0.,2.),(0.89999997615814209,2.),(0.89999997615814209,0.),(0.87499997578561306,0.),(0.87499997578561306,1.974999999627471),(0.02500000037252903,1.974999999627471),(0.02500000037252903,0.)));
#1666=IFCINDEXEDPOLYCURVE(#1665,(IFCLINEINDEX((1,2,3,4,5,6,7,8,1))),$);
#1667=IFCARBITRARYCLOSEDPROFILEDEF(.AREA.,$,#1666);
#1668=IFCCARTESIANPOINT((0.,0.02500000037252903,0.));
#1669=IFCDIRECTION((0.,-1.,0.));
#1670=IFCDIRECTION((1.,0.,0.));
#1671=IFCAXIS2PLACEMENT3D(#1668,#1669,#1670);
#1672=IFCDIRECTION((0.,0.,-1.));
#1673=IFCEXTRUDEDAREASOLID(#1667,#1671,#1672,0.02500000037252903);
#1674=IFCCARTESIANPOINTLIST2D(((0.,0.),(0.,2.),(0.89999997615814209,2.),(0.89999997615814209,0.),(0.84999997541308403,0.),(0.84999997541308403,1.9499999992549419),(0.05000000074505806,1.9499999992549419),(0.05000000074505806,0.)));
#1675=IFCINDEXEDPOLYCURVE(#1674,(IFCLINEINDEX((1,2,3,4,5,6,7,8,1))),$);
#1676=IFCARBITRARYCLOSEDPROFILEDEF(.AREA.,$,#1675);
#1677=IFCCARTESIANPOINT((0.,0.,0.));
#1678=IFCDIRECTION((0.,-1.,0.));
#1679=IFCDIRECTION((1.,0.,0.));
#1680=IFCAXIS2PLACEMENT3D(#1677,#1678,#1679);
#1681=IFCDIRECTION((0.,0.,-1.));
#1682=IFCEXTRUDEDAREASOLID(#1676,#1680,#1681,0.02500000037252903);
#1683=IFCCARTESIANPOINTLIST2D(((0.,0.),(0.79999997466802597,0.),(0.79999997466802597,0.10000000149011612),(0.,0.10000000149011612)));
#1684=IFCINDEXEDPOLYCURVE(#1683,(IFCLINEINDEX((1,2,3,4,1))),$);
#1685=IFCARBITRARYCLOSEDPROFILEDEF(.AREA.,$,#1684);
#1686=IFCCARTESIANPOINT((0.05000000074505806,0.,0.));
#1687=IFCDIRECTION((0.,0.,1.));
#1688=IFCDIRECTION((1.,0.,0.));
#1689=IFCAXIS2PLACEMENT3D(#1686,#1687,#1688);
#1690=IFCDIRECTION((0.,0.,1.));
#1691=IFCEXTRUDEDAREASOLID(#1685,#1689,#1690,0.02500000037252903);
#1692=IFCCARTESIANPOINTLIST2D(((0.,0.),(0.,2.0250000022351742),(0.94999998062849045,2.0250000022351742),(0.94999998062849045,0.),(0.87499997764825821,0.),(0.87499997764825821,1.9499999992549419),(0.075000002980232239,1.9499999992549419),(0.075000002980232239,0.)));
#1693=IFCINDEXEDPOLYCURVE(#1692,(IFCLINEINDEX((1,2,3,4,5,6,7,8,1))),$);
#1694=IFCARBITRARYCLOSEDPROFILEDEF(.AREA.,$,#1693);
#1695=IFCCARTESIANPOINT((-0.025000002235174179,-0.004999999888241291,0.));
#1696=IFCDIRECTION((0.,-1.,0.));
#1697=IFCDIRECTION((1.,0.,0.));
#1698=IFCAXIS2PLACEMENT3D(#1695,#1696,#1697);
#1699=IFCDIRECTION((0.,0.,-1.));
#1700=IFCEXTRUDEDAREASOLID(#1694,#1698,#1699,0.004999999888241291);
#1701=IFCCARTESIANPOINTLIST2D(((0.,0.),(0.,2.0250000022351742),(0.94999998062849045,2.0250000022351742),(0.94999998062849045,0.),(0.89999997802078724,0.),(0.89999997802078724,1.974999999627471),(0.050000002607703209,1.974999999627471),(0.050000002607703209,0.)));
#1702=IFCINDEXEDPOLYCURVE(#1701,(IFCLINEINDEX((1,2,3,4,5,6,7,8,1))),$);
#1703=IFCARBITRARYCLOSEDPROFILEDEF(.AREA.,$,#1702);
#1704=IFCCARTESIANPOINT((-0.025000002235174179,0.05000000074505806,0.));
#1705=IFCDIRECTION((0.,-1.,0.));
#1706=IFCDIRECTION((1.,0.,0.));
#1707=IFCAXIS2PLACEMENT3D(#1704,#1705,#1706);
#1708=IFCDIRECTION((0.,0.,-1.));
#1709=IFCEXTRUDEDAREASOLID(#1703,#1707,#1708,0.004999999888241291);
#1710=IFCCARTESIANPOINTLIST2D(((0.,0.),(0.84999997541308403,0.),(0.84999997541308403,0.035000000149011612),(0.,0.035000000149011612)));
#1711=IFCINDEXEDPOLYCURVE(#1710,(IFCLINEINDEX((1,2,3,4,1))),$);
#1712=IFCARBITRARYCLOSEDPROFILEDEF(.AREA.,$,#1711);
#1713=IFCCARTESIANPOINT((0.02500000037252903,0.02500000037252903,0.02500000037252903));
#1714=IFCDIRECTION((0.,0.,1.));
#1715=IFCDIRECTION((1.,0.,0.));
#1716=IFCAXIS2PLACEMENT3D(#1713,#1714,#1715);
#1717=IFCDIRECTION((0.,0.,1.));
#1718=IFCEXTRUDEDAREASOLID(#1712,#1716,#1717,1.9499999992549419);
#1719=IFCCARTESIANPOINTLIST2D(((0.,0.),(0.,-0.040000000000000001),(-0.11999999999999988,-0.040000000000000001),(-0.11999999999999988,-0.02),(-0.020000000000000018,-0.02),(-0.020000000000000018,0.)));
#1720=IFCINDEXEDPOLYCURVE(#1719,(IFCLINEINDEX((1,2,3,4,5,6,1))),$);
#1721=IFCARBITRARYCLOSEDPROFILEDEF(.AREA.,$,#1720);
#1722=IFCCARTESIANPOINT((0.82499997578561302,0.02500000037252903,1.015000000372529));
#1723=IFCDIRECTION((0.,0.,1.));
#1724=IFCDIRECTION((1.,0.,0.));
#1725=IFCAXIS2PLACEMENT3D(#1722,#1723,#1724);
#1726=IFCDIRECTION((0.,0.,1.));
#1727=IFCEXTRUDEDAREASOLID(#1721,#1725,#1726,0.02);
#1728=IFCEXTRUDEDAREASOLID(#1729,#1732,#1736,0.02);
#1729=IFCARBITRARYCLOSEDPROFILEDEF(.AREA.,$,#1730);
#1730=IFCINDEXEDPOLYCURVE(#1731,(IFCLINEINDEX((1,2,3,4,5,6,1))),$);
#1731=IFCCARTESIANPOINTLIST2D(((0.,0.),(0.,0.040000000000000008),(-0.11999999999999988,0.040000000000000008),(-0.11999999999999988,0.020000000000000004),(-0.020000000000000018,0.020000000000000004),(-0.020000000000000018,0.)));
#1732=IFCAXIS2PLACEMENT3D(#1733,#1734,#1735);
#1733=IFCCARTESIANPOINT((0.82499997578561302,0.060000000521540642,1.015000000372529));
#1734=IFCDIRECTION((0.,0.,1.));
#1735=IFCDIRECTION((1.,0.,0.));
#1736=IFCDIRECTION((0.,0.,1.));
#1737=IFCSHAPEREPRESENTATION(#11,'Body','SweptSolid',(#1673,#1682,#1718,#1727,#1728,#1691,#1700,#1709));
#1738=IFCCARTESIANPOINT((0.,0.,0.));
#1739=IFCDIRECTION((1.,0.,0.));
#1740=IFCDIRECTION((0.,0.,1.));
#1741=IFCAXIS2PLACEMENT3D(#1738,#1740,#1739);
#1742=IFCREPRESENTATIONMAP(#1741,#1737);
#1743=IFCCARTESIANPOINTLIST2D(((0.,0.),(0.,0.05000000074505806),(0.02500000037252903,0.05000000074505806),(0.02500000037252903,0.02500000037252903),(0.05000000074505806,0.02500000037252903),(0.05000000074505806,0.)));
#1744=IFCINDEXEDPOLYCURVE(#1743,(IFCLINEINDEX((1,2,3,4,5,6,1))),$);
#1745=IFCINDEXEDPOLYCURVE(#1746,(IFCLINEINDEX((1,2,3,4,5,6,1))),$);
#1746=IFCCARTESIANPOINTLIST2D(((0.89999997615814209,0.),(0.89999997615814209,0.05000000074505806),(0.87499997578561306,0.05000000074505806),(0.87499997578561306,0.02500000037252903),(0.84999997541308403,0.02500000037252903),(0.84999997541308403,0.)));
#1747=IFCDIRECTION((1.,0.));
#1748=IFCCARTESIANPOINT((0.060000000521540642,0.05000000074505806));
#1749=IFCAXIS2PLACEMENT2D(#1748,#1747);
#1750=IFCELLIPSE(#1749,0.81499997526407242,0.84999997541308403);
#1751=IFCCARTESIANPOINT((0.87499997578561306,0.05000000074505806));
#1752=IFCCARTESIANPOINT((0.060000000521540642,0.89999997615814209));
#1753=IFCTRIMMEDCURVE(#1750,(#1751),(#1752),.T.,.CARTESIAN.);
#1754=IFCCARTESIANPOINTLIST2D(((0.02500000037252903,0.05000000074505806),(0.060000000521540642,0.05000000074505806),(0.060000000521540642,0.89999997615814209),(0.02500000037252903,0.89999997615814209)));
#1755=IFCINDEXEDPOLYCURVE(#1754,(IFCLINEINDEX((1,2,3,4,1))),$);
#1756=IFCSHAPEREPRESENTATION(#24,'Body','Curve2D',(#1744,#1745,#1753,#1755));
#1757=IFCCARTESIANPOINT((0.,0.,0.));
#1758=IFCDIRECTION((1.,0.,0.));
#1759=IFCDIRECTION((0.,0.,1.));
#1760=IFCAXIS2PLACEMENT3D(#1757,#1759,#1758);
#1761=IFCREPRESENTATIONMAP(#1760,#1756);
#1827=IFCDOOR('2gct5EG317Pg7Fwof1sv2w',$,'Door',$,$,#2925,#1836,$,2.,0.89999997615814209,$,$,$);
#1828=IFCRELDEFINESBYTYPE('33aLfhFCf97h1nQlFFx_GE',$,$,$,(#1827),#1654);
#1829=IFCCARTESIANPOINT((0.,0.,0.));
#1830=IFCDIRECTION((1.,0.,0.));
#1831=IFCDIRECTION((0.,1.,0.));
#1832=IFCDIRECTION((0.,0.,1.));
#1833=IFCCARTESIANTRANSFORMATIONOPERATOR3D(#1830,#1831,#1829,1.,#1832);
#1834=IFCMAPPEDITEM(#1664,#1833);
#1835=IFCSHAPEREPRESENTATION(#18,'Profile','MappedRepresentation',(#1834));
#1836=IFCPRODUCTDEFINITIONSHAPE($,$,(#1835,#1843,#1850));
#1837=IFCCARTESIANPOINT((0.,0.,0.));
#1838=IFCDIRECTION((1.,0.,0.));
#1839=IFCDIRECTION((0.,1.,0.));
#1840=IFCDIRECTION((0.,0.,1.));
#1841=IFCCARTESIANTRANSFORMATIONOPERATOR3D(#1838,#1839,#1837,1.,#1840);
#1842=IFCMAPPEDITEM(#1742,#1841);
#1843=IFCSHAPEREPRESENTATION(#11,'Body','MappedRepresentation',(#1842));
#1844=IFCCARTESIANPOINT((0.,0.,0.));
#1845=IFCDIRECTION((1.,0.,0.));
#1846=IFCDIRECTION((0.,1.,0.));
#1847=IFCDIRECTION((0.,0.,1.));
#1848=IFCCARTESIANTRANSFORMATIONOPERATOR3D(#1845,#1846,#1844,1.,#1847);
#1849=IFCMAPPEDITEM(#1761,#1848);
#1850=IFCSHAPEREPRESENTATION(#24,'Body','MappedRepresentation',(#1849));
#1856=IFCWINDOWTYPE('0HswrDxkr0eglGSNE4mW4t',$,'Front Window',$,$,(#1857),(#1866,#1914,#1936),$,$,.WINDOW.,.SINGLE_PANEL.,$,$);
#1857=IFCPROPERTYSET('231pCMz1f9i9m3JTBwOxB4',$,'BBIM_Window',$,(#1858));
#1858=IFCPROPERTYSINGLEVALUE('Data',$,IFCTEXT('{"window_type": "SINGLE_PANEL", "overall_height": 0.8999999761581421, "overall_width": 0.6000000238418579, "lining_properties": {"lining_depth": 0.05000000074505806, "lining_thickness": 0.05000000074505806, "lining_offset": 0.05000000074505806, "lining_to_panel_offset_x": 0.02500000037252903, "lining_to_panel_offset_y": 0.02500000037252903}, "panel_properties": {"frame_depth": [0.03500000014901161, 0.03500000014901161, 0.03500000014901161], "frame_thickness": [0.03500000014901161, 0.03500000014901161, 0.03500000014901161]}}'),$);
#1859=IFCCARTESIANPOINTLIST3D(((0.,0.,0.),(0.60000002384185791,0.,0.),(0.60000002384185791,0.,0.89999997615814209),(0.,0.,0.89999997615814209)));
#1860=IFCINDEXEDPOLYCURVE(#1859,(IFCLINEINDEX((1,2,3,4,1))),$);
#1861=IFCSHAPEREPRESENTATION(#18,'Profile','Curve3D',(#1860));
#1862=IFCCARTESIANPOINT((0.,0.,0.));
#1863=IFCDIRECTION((1.,0.,0.));
#1864=IFCDIRECTION((0.,0.,1.));
#1865=IFCAXIS2PLACEMENT3D(#1862,#1864,#1863);
#1866=IFCREPRESENTATIONMAP(#1865,#1861);
#1867=IFCCARTESIANPOINTLIST2D(((0.,0.),(0.60000002384185791,0.),(0.60000002384185791,0.89999997615814209),(0.,0.89999997615814209)));
#1868=IFCINDEXEDPOLYCURVE(#1867,(IFCLINEINDEX((1,2,3,4,1))),$);
#1869=IFCCARTESIANPOINTLIST2D(((0.02500000037252903,0.02500000037252903),(0.57500002346932888,0.02500000037252903),(0.57500002346932888,0.87499997578561306),(0.02500000037252903,0.87499997578561306)));
#1870=IFCINDEXEDPOLYCURVE(#1869,(IFCLINEINDEX((1,2,3,4,1))),$);
#1871=IFCARBITRARYPROFILEDEFWITHVOIDS(.AREA.,$,#1868,(#1870));
#1872=IFCCARTESIANPOINT((0.,0.090000001713633537,0.));
#1873=IFCDIRECTION((0.,-1.,0.));
#1874=IFCDIRECTION((1.,0.,0.));
#1875=IFCAXIS2PLACEMENT3D(#1872,#1873,#1874);
#1876=IFCDIRECTION((0.,0.,-1.));
#1877=IFCEXTRUDEDAREASOLID(#1871,#1875,#1876,0.0099999997764825821);
#1878=IFCCARTESIANPOINTLIST2D(((0.,0.),(0.60000002384185791,0.),(0.60000002384185791,0.89999997615814209),(0.,0.89999997615814209)));
#1879=IFCINDEXEDPOLYCURVE(#1878,(IFCLINEINDEX((1,2,3,4,1))),$);
#1880=IFCCARTESIANPOINTLIST2D(((0.05000000074505806,0.05000000074505806),(0.55000002309679985,0.05000000074505806),(0.55000002309679985,0.84999997541308403),(0.05000000074505806,0.84999997541308403)));
#1881=IFCINDEXEDPOLYCURVE(#1880,(IFCLINEINDEX((1,2,3,4,1))),$);
#1882=IFCARBITRARYPROFILEDEFWITHVOIDS(.AREA.,$,#1879,(#1881));
#1883=IFCCARTESIANPOINT((0.,0.05000000074505806,0.));
#1884=IFCDIRECTION((0.,-1.,0.));
#1885=IFCDIRECTION((1.,0.,0.));
#1886=IFCAXIS2PLACEMENT3D(#1883,#1884,#1885);
#1887=IFCDIRECTION((0.,0.,-1.));
#1888=IFCEXTRUDEDAREASOLID(#1882,#1886,#1887,0.040000000968575478);
#1889=IFCCARTESIANPOINTLIST2D(((0.,0.),(0.55000002309679985,0.),(0.55000002309679985,0.84999997541308403),(0.,0.84999997541308403)));
#1890=IFCINDEXEDPOLYCURVE(#1889,(IFCLINEINDEX((1,2,3,4,1))),$);
#1891=IFCCARTESIANPOINTLIST2D(((0.035000000149011612,0.035000000149011612),(0.51500002294778824,0.035000000149011612),(0.51500002294778824,0.81499997526407242),(0.035000000149011612,0.81499997526407242)));
#1892=IFCINDEXEDPOLYCURVE(#1891,(IFCLINEINDEX((1,2,3,4,1))),$);
#1893=IFCARBITRARYPROFILEDEFWITHVOIDS(.AREA.,$,#1890,(#1892));
#1894=IFCCARTESIANPOINT((0.02500000037252903,0.090000001713633537,0.02500000037252903));
#1895=IFCDIRECTION((0.,-1.,0.));
#1896=IFCDIRECTION((1.,0.,0.));
#1897=IFCAXIS2PLACEMENT3D(#1894,#1895,#1896);
#1898=IFCDIRECTION((0.,0.,-1.));
#1899=IFCEXTRUDEDAREASOLID(#1893,#1897,#1898,0.035000000149011612);
#1900=IFCINDEXEDPOLYCURVE(#1901,(IFCLINEINDEX((1,2,3,4,1))),$);
#1901=IFCCARTESIANPOINTLIST2D(((0.035000000149011612,0.035000000149011612),(0.51500002294778824,0.035000000149011612),(0.51500002294778824,0.81499997526407242),(0.035000000149011612,0.81499997526407242)));
#1902=IFCARBITRARYCLOSEDPROFILEDEF(.AREA.,$,#1900);
#1903=IFCCARTESIANPOINT((0.02500000037252903,0.10250000178813934,0.02500000037252903));
#1904=IFCDIRECTION((0.,-1.,0.));
#1905=IFCDIRECTION((1.,0.,0.));
#1906=IFCAXIS2PLACEMENT3D(#1903,#1904,#1905);
#1907=IFCDIRECTION((0.,0.,-1.));
#1908=IFCEXTRUDEDAREASOLID(#1902,#1906,#1907,0.01);
#1909=IFCSHAPEREPRESENTATION(#11,'Body','SweptSolid',(#1877,#1888,#1899,#1908));
#1910=IFCCARTESIANPOINT((0.,0.,0.));
#1911=IFCDIRECTION((1.,0.,0.));
#1912=IFCDIRECTION((0.,0.,1.));
#1913=IFCAXIS2PLACEMENT3D(#1910,#1912,#1911);
#1914=IFCREPRESENTATIONMAP(#1913,#1909);
#1915=IFCCARTESIANPOINTLIST2D(((0.05000000074505806,0.05000000074505806),(0.55000002309679985,0.05000000074505806)));
#1916=IFCINDEXEDPOLYCURVE(#1915,$,$);
#1917=IFCCARTESIANPOINTLIST2D(((0.,0.10000000149011612),(0.02500000037252903,0.10000000149011612),(0.02500000037252903,0.090000001713633537),(0.05000000074505806,0.090000001713633537),(0.05000000074505806,0.05000000074505806),(0.,0.05000000074505806)));
#1918=IFCINDEXEDPOLYCURVE(#1917,(IFCLINEINDEX((1,2,3,4,5,6,1))),$);
#1919=IFCCARTESIANPOINTLIST2D(((0.60000002384185791,0.10000000149011612),(0.57500002346932888,0.10000000149011612),(0.57500002346932888,0.090000001713633537),(0.55000002309679985,0.090000001713633537),(0.55000002309679985,0.05000000074505806),(0.60000002384185791,0.05000000074505806)));
#1920=IFCINDEXEDPOLYCURVE(#1919,(IFCLINEINDEX((1,2,3,4,5,6,1))),$);
#1921=IFCCARTESIANPOINTLIST2D(((0.02500000037252903,0.090000001713633537),(0.060000000521540642,0.090000001713633537),(0.060000000521540642,0.12500000186264515),(0.02500000037252903,0.12500000186264515)));
#1922=IFCINDEXEDPOLYCURVE(#1921,(IFCLINEINDEX((1,2,3,4,1))),$);
#1923=IFCINDEXEDPOLYCURVE(#1924,(IFCLINEINDEX((1,2,3,4,1))),$);
#1924=IFCCARTESIANPOINTLIST2D(((0.57500002346932888,0.090000001713633537),(0.54000002332031727,0.090000001713633537),(0.54000002332031727,0.12500000186264515),(0.57500002346932888,0.12500000186264515)));
#1925=IFCCARTESIANPOINTLIST2D(((0.060000000521540642,0.090000001713633537),(0.54000002332031727,0.090000001713633537)));
#1926=IFCINDEXEDPOLYCURVE(#1925,$,$);
#1927=IFCINDEXEDPOLYCURVE(#1928,$,$);
#1928=IFCCARTESIANPOINTLIST2D(((0.060000000521540642,0.12500000186264515),(0.54000002332031727,0.12500000186264515)));
#1929=IFCINDEXEDPOLYCURVE(#1930,$,$);
#1930=IFCCARTESIANPOINTLIST2D(((0.060000000521540642,0.10750000178813934),(0.54000002332031727,0.10750000178813934)));
#1931=IFCSHAPEREPRESENTATION(#24,'Body','Curve2D',(#1916,#1918,#1920,#1922,#1923,#1926,#1927,#1929));
#1932=IFCCARTESIANPOINT((0.,0.,0.));
#1933=IFCDIRECTION((1.,0.,0.));
#1934=IFCDIRECTION((0.,0.,1.));
#1935=IFCAXIS2PLACEMENT3D(#1932,#1934,#1933);
#1936=IFCREPRESENTATIONMAP(#1935,#1931);
#1937=IFCWINDOW('2RM88taqfCaOY1EQbzqqv3',$,'Window',$,$,#2930,#1946,$,0.89999997615814209,0.60000002384185791,$,$,$);
#1938=IFCRELDEFINESBYTYPE('0HEHMR4zX7kvhLIDSN2dyx',$,$,$,(#1937),#1856);
#1939=IFCCARTESIANPOINT((0.,0.,0.));
#1940=IFCDIRECTION((1.,0.,0.));
#1941=IFCDIRECTION((0.,1.,0.));
#1942=IFCDIRECTION((0.,0.,1.));
#1943=IFCCARTESIANTRANSFORMATIONOPERATOR3D(#1940,#1941,#1939,1.,#1942);
#1944=IFCMAPPEDITEM(#1866,#1943);
#1945=IFCSHAPEREPRESENTATION(#18,'Profile','MappedRepresentation',(#1944));
#1946=IFCPRODUCTDEFINITIONSHAPE($,$,(#1945,#1953,#1960));
#1947=IFCCARTESIANPOINT((0.,0.,0.));
#1948=IFCDIRECTION((1.,0.,0.));
#1949=IFCDIRECTION((0.,1.,0.));
#1950=IFCDIRECTION((0.,0.,1.));
#1951=IFCCARTESIANTRANSFORMATIONOPERATOR3D(#1948,#1949,#1947,1.,#1950);
#1952=IFCMAPPEDITEM(#1914,#1951);
#1953=IFCSHAPEREPRESENTATION(#11,'Body','MappedRepresentation',(#1952));
#1954=IFCCARTESIANPOINT((0.,0.,0.));
#1955=IFCDIRECTION((1.,0.,0.));
#1956=IFCDIRECTION((0.,1.,0.));
#1957=IFCDIRECTION((0.,0.,1.));
#1958=IFCCARTESIANTRANSFORMATIONOPERATOR3D(#1955,#1956,#1954,1.,#1957);
#1959=IFCMAPPEDITEM(#1936,#1958);
#1960=IFCSHAPEREPRESENTATION(#24,'Body','MappedRepresentation',(#1959));
#1966=IFCWINDOWTYPE('1v$x5pDHPEVuNz3xmrMIRJ',$,'Guest Room Window I ',$,$,(#1967),(#1976,#2024,#2046),$,$,.WINDOW.,.SINGLE_PANEL.,$,$);
#1967=IFCPROPERTYSET('0_$8QW2ZDBhB9bGbOPfhKy',$,'BBIM_Window',$,(#1968));
#1968=IFCPROPERTYSINGLEVALUE('Data',$,IFCTEXT('{"window_type": "DOUBLE_PANEL_VERTICAL", "overall_height": 0.8999999761581421, "overall_width": 1.2000000476837158, "lining_properties": {"lining_depth": 0.15000000596046448, "lining_thickness": 0.05000000074505806, "lining_offset": 0.05000000074505806, "lining_to_panel_offset_x": 0.02500000037252903, "lining_to_panel_offset_y": 0.02500000037252903, "mullion_thickness": 0.05000000074505806, "first_mullion_offset": 0.6000000238418579}, "panel_properties": {"frame_depth": [0.03500000014901161, 0.03500000014901161, 0.03500000014901161], "frame_thickness": [0.03500000014901161, 0.03500000014901161, 0.03500000014901161]}}'),$);
#1972=IFCCARTESIANPOINT((0.,0.,0.));
#1973=IFCDIRECTION((1.,0.,0.));
#1974=IFCDIRECTION((0.,0.,1.));
#1975=IFCAXIS2PLACEMENT3D(#1972,#1974,#1973);
#1976=IFCREPRESENTATIONMAP(#1975,#2286);
#2020=IFCCARTESIANPOINT((0.,0.,0.));
#2021=IFCDIRECTION((1.,0.,0.));
#2022=IFCDIRECTION((0.,0.,1.));
#2023=IFCAXIS2PLACEMENT3D(#2020,#2022,#2021);
#2024=IFCREPRESENTATIONMAP(#2023,#2367);
#2042=IFCCARTESIANPOINT((0.,0.,0.));
#2043=IFCDIRECTION((1.,0.,0.));
#2044=IFCDIRECTION((0.,0.,1.));
#2045=IFCAXIS2PLACEMENT3D(#2042,#2044,#2043);
#2046=IFCREPRESENTATIONMAP(#2045,#2406);
#2132=IFCWINDOW('017njZwrP5jeqllUocU1L8',$,'Window',$,$,#2935,#2141,$,0.89999997615814209,1.2000000476837158,$,.DOUBLE_PANEL_VERTICAL.,$);
#2133=IFCRELDEFINESBYTYPE('2eYqySSbH7rBGEmeHyQfI1',$,$,$,(#2132),#1966);
#2134=IFCCARTESIANPOINT((0.,0.,0.));
#2135=IFCDIRECTION((1.,0.,0.));
#2136=IFCDIRECTION((0.,1.,0.));
#2137=IFCDIRECTION((0.,0.,1.));
#2138=IFCCARTESIANTRANSFORMATIONOPERATOR3D(#2135,#2136,#2134,1.,#2137);
#2139=IFCMAPPEDITEM(#1976,#2138);
#2140=IFCSHAPEREPRESENTATION(#18,'Profile','MappedRepresentation',(#2139));
#2141=IFCPRODUCTDEFINITIONSHAPE($,$,(#2140,#2148,#2155));
#2142=IFCCARTESIANPOINT((0.,0.,0.));
#2143=IFCDIRECTION((1.,0.,0.));
#2144=IFCDIRECTION((0.,1.,0.));
#2145=IFCDIRECTION((0.,0.,1.));
#2146=IFCCARTESIANTRANSFORMATIONOPERATOR3D(#2143,#2144,#2142,1.,#2145);
#2147=IFCMAPPEDITEM(#2024,#2146);
#2148=IFCSHAPEREPRESENTATION(#11,'Body','MappedRepresentation',(#2147));
#2149=IFCCARTESIANPOINT((0.,0.,0.));
#2150=IFCDIRECTION((1.,0.,0.));
#2151=IFCDIRECTION((0.,1.,0.));
#2152=IFCDIRECTION((0.,0.,1.));
#2153=IFCCARTESIANTRANSFORMATIONOPERATOR3D(#2150,#2151,#2149,1.,#2152);
#2154=IFCMAPPEDITEM(#2046,#2153);
#2155=IFCSHAPEREPRESENTATION(#24,'Body','MappedRepresentation',(#2154));
#2284=IFCCARTESIANPOINTLIST3D(((0.,0.,0.),(1.2000000476837158,0.,0.),(1.2000000476837158,0.,0.89999997615814209),(0.,0.,0.89999997615814209)));
#2285=IFCINDEXEDPOLYCURVE(#2284,(IFCLINEINDEX((1,2,3,4,1))),$);
#2286=IFCSHAPEREPRESENTATION(#18,'Profile','Curve3D',(#2285));
#2287=IFCCARTESIANPOINTLIST2D(((0.60000002384185791,0.),(0.,0.),(0.,0.89999997615814209),(0.60000002384185791,0.89999997615814209),(0.60000002384185791,0.87499997578561306),(0.02500000037252903,0.87499997578561306),(0.02500000037252903,0.02500000037252903),(0.60000002384185791,0.02500000037252903)));
#2288=IFCINDEXEDPOLYCURVE(#2287,(IFCLINEINDEX((1,2,3,4,5,6,7,8,1))),$);
#2289=IFCARBITRARYCLOSEDPROFILEDEF(.AREA.,$,#2288);
#2290=IFCCARTESIANPOINT((0.,0.19000000692903996,0.));
#2291=IFCDIRECTION((0.,-1.,0.));
#2292=IFCDIRECTION((1.,0.,0.));
#2293=IFCAXIS2PLACEMENT3D(#2290,#2291,#2292);
#2294=IFCDIRECTION((0.,0.,-1.));
#2295=IFCEXTRUDEDAREASOLID(#2289,#2293,#2294,0.0099999997764825821);
#2296=IFCCARTESIANPOINTLIST2D(((0.,0.),(0.60000002384185791,0.),(0.60000002384185791,0.89999997615814209),(0.,0.89999997615814209)));
#2297=IFCINDEXEDPOLYCURVE(#2296,(IFCLINEINDEX((1,2,3,4,1))),$);
#2298=IFCCARTESIANPOINTLIST2D(((0.05000000074505806,0.05000000074505806),(0.57500002346932888,0.05000000074505806),(0.57500002346932888,0.84999997541308403),(0.05000000074505806,0.84999997541308403)));
#2299=IFCINDEXEDPOLYCURVE(#2298,(IFCLINEINDEX((1,2,3,4,1))),$);
#2300=IFCARBITRARYPROFILEDEFWITHVOIDS(.AREA.,$,#2297,(#2299));
#2301=IFCCARTESIANPOINT((0.,0.05000000074505806,0.));
#2302=IFCDIRECTION((0.,-1.,0.));
#2303=IFCDIRECTION((1.,0.,0.));
#2304=IFCAXIS2PLACEMENT3D(#2301,#2302,#2303);
#2305=IFCDIRECTION((0.,0.,-1.));
#2306=IFCEXTRUDEDAREASOLID(#2300,#2304,#2305,0.1400000061839819);
#2307=IFCCARTESIANPOINTLIST2D(((0.,0.),(0.57500002346932888,0.),(0.57500002346932888,0.84999997541308403),(0.,0.84999997541308403)));
#2308=IFCINDEXEDPOLYCURVE(#2307,(IFCLINEINDEX((1,2,3,4,1))),$);
#2309=IFCCARTESIANPOINTLIST2D(((0.035000000149011612,0.035000000149011612),(0.54000002332031727,0.035000000149011612),(0.54000002332031727,0.81499997526407242),(0.035000000149011612,0.81499997526407242)));
#2310=IFCINDEXEDPOLYCURVE(#2309,(IFCLINEINDEX((1,2,3,4,1))),$);
#2311=IFCARBITRARYPROFILEDEFWITHVOIDS(.AREA.,$,#2308,(#2310));
#2312=IFCCARTESIANPOINT((0.02500000037252903,0.19000000692903996,0.02500000037252903));
#2313=IFCDIRECTION((0.,-1.,0.));
#2314=IFCDIRECTION((1.,0.,0.));
#2315=IFCAXIS2PLACEMENT3D(#2312,#2313,#2314);
#2316=IFCDIRECTION((0.,0.,-1.));
#2317=IFCEXTRUDEDAREASOLID(#2311,#2315,#2316,0.035000000149011612);
#2318=IFCINDEXEDPOLYCURVE(#2319,(IFCLINEINDEX((1,2,3,4,1))),$);
#2319=IFCCARTESIANPOINTLIST2D(((0.035000000149011612,0.035000000149011612),(0.54000002332031727,0.035000000149011612),(0.54000002332031727,0.81499997526407242),(0.035000000149011612,0.81499997526407242)));
#2320=IFCARBITRARYCLOSEDPROFILEDEF(.AREA.,$,#2318);
#2321=IFCCARTESIANPOINT((0.02500000037252903,0.20250000700354576,0.02500000037252903));
#2322=IFCDIRECTION((0.,-1.,0.));
#2323=IFCDIRECTION((1.,0.,0.));
#2324=IFCAXIS2PLACEMENT3D(#2321,#2322,#2323);
#2325=IFCDIRECTION((0.,0.,-1.));
#2326=IFCEXTRUDEDAREASOLID(#2320,#2324,#2325,0.01);
#2327=IFCCARTESIANPOINTLIST2D(((0.,0.89999997615814209),(0.60000002384185791,0.89999997615814209),(0.60000002384185791,0.),(0.,0.),(0.,0.02500000037252903),(0.57500002346932888,0.02500000037252903),(0.57500002346932888,0.87499997578561306),(0.,0.87499997578561306)));
#2328=IFCINDEXEDPOLYCURVE(#2327,(IFCLINEINDEX((1,2,3,4,5,6,7,8,1))),$);
#2329=IFCARBITRARYCLOSEDPROFILEDEF(.AREA.,$,#2328);
#2330=IFCCARTESIANPOINT((0.60000002384185791,0.19000000692903996,0.));
#2331=IFCDIRECTION((0.,-1.,0.));
#2332=IFCDIRECTION((1.,0.,0.));
#2333=IFCAXIS2PLACEMENT3D(#2330,#2331,#2332);
#2334=IFCDIRECTION((0.,0.,-1.));
#2335=IFCEXTRUDEDAREASOLID(#2329,#2333,#2334,0.0099999997764825821);
#2336=IFCCARTESIANPOINTLIST2D(((0.,0.),(0.60000002384185791,0.),(0.60000002384185791,0.89999997615814209),(0.,0.89999997615814209)));
#2337=IFCINDEXEDPOLYCURVE(#2336,(IFCLINEINDEX((1,2,3,4,1))),$);
#2338=IFCCARTESIANPOINTLIST2D(((0.02500000037252903,0.05000000074505806),(0.55000002309679985,0.05000000074505806),(0.55000002309679985,0.84999997541308403),(0.02500000037252903,0.84999997541308403)));
#2339=IFCINDEXEDPOLYCURVE(#2338,(IFCLINEINDEX((1,2,3,4,1))),$);
#2340=IFCARBITRARYPROFILEDEFWITHVOIDS(.AREA.,$,#2337,(#2339));
#2341=IFCCARTESIANPOINT((0.60000002384185791,0.05000000074505806,0.));
#2342=IFCDIRECTION((0.,-1.,0.));
#2343=IFCDIRECTION((1.,0.,0.));
#2344=IFCAXIS2PLACEMENT3D(#2341,#2342,#2343);
#2345=IFCDIRECTION((0.,0.,-1.));
#2346=IFCEXTRUDEDAREASOLID(#2340,#2344,#2345,0.1400000061839819);
#2347=IFCCARTESIANPOINTLIST2D(((0.,0.),(0.57500002346932888,0.),(0.57500002346932888,0.84999997541308403),(0.,0.84999997541308403)));
#2348=IFCINDEXEDPOLYCURVE(#2347,(IFCLINEINDEX((1,2,3,4,1))),$);
#2349=IFCCARTESIANPOINTLIST2D(((0.035000000149011612,0.035000000149011612),(0.54000002332031727,0.035000000149011612),(0.54000002332031727,0.81499997526407242),(0.035000000149011612,0.81499997526407242)));
#2350=IFCINDEXEDPOLYCURVE(#2349,(IFCLINEINDEX((1,2,3,4,1))),$);
#2351=IFCARBITRARYPROFILEDEFWITHVOIDS(.AREA.,$,#2348,(#2350));
#2352=IFCCARTESIANPOINT((0.60000002384185791,0.19000000692903996,0.02500000037252903));
#2353=IFCDIRECTION((0.,-1.,0.));
#2354=IFCDIRECTION((1.,0.,0.));
#2355=IFCAXIS2PLACEMENT3D(#2352,#2353,#2354);
#2356=IFCDIRECTION((0.,0.,-1.));
#2357=IFCEXTRUDEDAREASOLID(#2351,#2355,#2356,0.035000000149011612);
#2358=IFCINDEXEDPOLYCURVE(#2359,(IFCLINEINDEX((1,2,3,4,1))),$);
#2359=IFCCARTESIANPOINTLIST2D(((0.035000000149011612,0.035000000149011612),(0.54000002332031727,0.035000000149011612),(0.54000002332031727,0.81499997526407242),(0.035000000149011612,0.81499997526407242)));
#2360=IFCARBITRARYCLOSEDPROFILEDEF(.AREA.,$,#2358);
#2361=IFCCARTESIANPOINT((0.60000002384185791,0.20250000700354576,0.02500000037252903));
#2362=IFCDIRECTION((0.,-1.,0.));
#2363=IFCDIRECTION((1.,0.,0.));
#2364=IFCAXIS2PLACEMENT3D(#2361,#2362,#2363);
#2365=IFCDIRECTION((0.,0.,-1.));
#2366=IFCEXTRUDEDAREASOLID(#2360,#2364,#2365,0.01);
#2367=IFCSHAPEREPRESENTATION(#11,'Body','SweptSolid',(#2295,#2306,#2317,#2326,#2335,#2346,#2357,#2366));
#2368=IFCSHAPEREPRESENTATION(#11,'Body','SweptSolid',(#2295,#2306,#2335,#2346));
#2369=IFCSHAPEASPECT((#2368),'Lining',$,.T.,#2141);
#2370=IFCSHAPEREPRESENTATION(#11,'Body','SweptSolid',(#2317,#2357));
#2371=IFCSHAPEASPECT((#2370),'Framing',$,.T.,#2141);
#2372=IFCSHAPEREPRESENTATION(#11,'Body','SweptSolid',(#2326,#2366));
#2373=IFCSHAPEASPECT((#2372),'Glazing',$,.T.,#2141);
#2374=IFCCARTESIANPOINTLIST2D(((0.05000000074505806,0.05000000074505806),(0.57500002346932888,0.05000000074505806)));
#2375=IFCINDEXEDPOLYCURVE(#2374,$,$);
#2376=IFCCARTESIANPOINTLIST2D(((0.,0.20000000670552254),(0.02500000037252903,0.20000000670552254),(0.02500000037252903,0.19000000692903996),(0.05000000074505806,0.19000000692903996),(0.05000000074505806,0.05000000074505806),(0.,0.05000000074505806)));
#2377=IFCINDEXEDPOLYCURVE(#2376,(IFCLINEINDEX((1,2,3,4,5,6,1))),$);
#2378=IFCCARTESIANPOINTLIST2D(((0.60000002384185791,0.20000000670552254),(0.60000002384185791,0.20000000670552254),(0.60000002384185791,0.19000000692903996),(0.57500002346932888,0.19000000692903996),(0.57500002346932888,0.05000000074505806),(0.60000002384185791,0.05000000074505806)));
#2379=IFCINDEXEDPOLYCURVE(#2378,$,$);
#2380=IFCCARTESIANPOINTLIST2D(((0.02500000037252903,0.19000000692903996),(0.060000000521540642,0.19000000692903996),(0.060000000521540642,0.22500000707805157),(0.02500000037252903,0.22500000707805157)));
#2381=IFCINDEXEDPOLYCURVE(#2380,(IFCLINEINDEX((1,2,3,4,1))),$);
#2382=IFCINDEXEDPOLYCURVE(#2383,(IFCLINEINDEX((1,2,3,4,1))),$);
#2383=IFCCARTESIANPOINTLIST2D(((0.60000002384185791,0.19000000692903996),(0.5650000236928463,0.19000000692903996),(0.5650000236928463,0.22500000707805157),(0.60000002384185791,0.22500000707805157)));
#2384=IFCCARTESIANPOINTLIST2D(((0.060000000521540642,0.19000000692903996),(0.5650000236928463,0.19000000692903996)));
#2385=IFCINDEXEDPOLYCURVE(#2384,$,$);
#2386=IFCINDEXEDPOLYCURVE(#2387,$,$);
#2387=IFCCARTESIANPOINTLIST2D(((0.060000000521540642,0.22500000707805157),(0.5650000236928463,0.22500000707805157)));
#2388=IFCINDEXEDPOLYCURVE(#2389,$,$);
#2389=IFCCARTESIANPOINTLIST2D(((0.060000000521540642,0.20750000700354576),(0.5650000236928463,0.20750000700354576)));
#2390=IFCCARTESIANPOINTLIST2D(((0.62500002421438694,0.05000000074505806),(1.1500000469386578,0.05000000074505806)));
#2391=IFCINDEXEDPOLYCURVE(#2390,$,$);
#2392=IFCCARTESIANPOINTLIST2D(((0.60000002384185791,0.20000000670552254),(0.60000002384185791,0.20000000670552254),(0.60000002384185791,0.19000000692903996),(0.62500002421438694,0.19000000692903996),(0.62500002421438694,0.05000000074505806),(0.60000002384185791,0.05000000074505806)));
#2393=IFCINDEXEDPOLYCURVE(#2392,$,$);
#2394=IFCCARTESIANPOINTLIST2D(((1.2000000476837158,0.20000000670552254),(1.1750000473111868,0.20000000670552254),(1.1750000473111868,0.19000000692903996),(1.1500000469386578,0.19000000692903996),(1.1500000469386578,0.05000000074505806),(1.2000000476837158,0.05000000074505806)));
#2395=IFCINDEXEDPOLYCURVE(#2394,(IFCLINEINDEX((1,2,3,4,5,6,1))),$);
#2396=IFCCARTESIANPOINTLIST2D(((0.60000002384185791,0.19000000692903996),(0.63500002399086952,0.19000000692903996),(0.63500002399086952,0.22500000707805157),(0.60000002384185791,0.22500000707805157)));
#2397=IFCINDEXEDPOLYCURVE(#2396,(IFCLINEINDEX((1,2,3,4,1))),$);
#2398=IFCINDEXEDPOLYCURVE(#2399,(IFCLINEINDEX((1,2,3,4,1))),$);
#2399=IFCCARTESIANPOINTLIST2D(((1.1750000473111868,0.19000000692903996),(1.1400000471621752,0.19000000692903996),(1.1400000471621752,0.22500000707805157),(1.1750000473111868,0.22500000707805157)));
#2400=IFCCARTESIANPOINTLIST2D(((0.63500002399086952,0.19000000692903996),(1.1400000471621752,0.19000000692903996)));
#2401=IFCINDEXEDPOLYCURVE(#2400,$,$);
#2402=IFCINDEXEDPOLYCURVE(#2403,$,$);
#2403=IFCCARTESIANPOINTLIST2D(((0.63500002399086952,0.22500000707805157),(1.1400000471621752,0.22500000707805157)));
#2404=IFCINDEXEDPOLYCURVE(#2405,$,$);
#2405=IFCCARTESIANPOINTLIST2D(((0.63500002399086952,0.20750000700354576),(1.1400000471621752,0.20750000700354576)));
#2406=IFCSHAPEREPRESENTATION(#24,'Body','Curve2D',(#2375,#2377,#2379,#2381,#2382,#2385,#2386,#2388,#2391,#2393,#2395,#2397,#2398,#2401,#2402,#2404));
#2407=IFCWINDOWTYPE('3Q7biLroD239edKZ5DDbkV',$,'Guest Room Window II',$,$,(#2408),(#2417,#2465,#2487),$,$,.WINDOW.,.SINGLE_PANEL.,$,$);
#2408=IFCPROPERTYSET('3QMrlS_T5CKweoOb1dzqmp',$,'BBIM_Window',$,(#2409));
#2409=IFCPROPERTYSINGLEVALUE('Data',$,IFCTEXT('{"window_type": "SINGLE_PANEL", "overall_height": 0.8999999761581421, "overall_width": 0.6000000238418579, "lining_properties": {"lining_depth": 0.05000000074505806, "lining_thickness": 0.05000000074505806, "lining_offset": 0.05000000074505806, "lining_to_panel_offset_x": 0.02500000037252903, "lining_to_panel_offset_y": 0.02500000037252903}, "panel_properties": {"frame_depth": [0.03500000014901161, 0.03500000014901161, 0.03500000014901161], "frame_thickness": [0.03500000014901161, 0.03500000014901161, 0.03500000014901161]}}'),$);
#2410=IFCCARTESIANPOINTLIST3D(((0.,0.,0.),(0.60000002384185791,0.,0.),(0.60000002384185791,0.,0.89999997615814209),(0.,0.,0.89999997615814209)));
#2411=IFCINDEXEDPOLYCURVE(#2410,(IFCLINEINDEX((1,2,3,4,1))),$);
#2412=IFCSHAPEREPRESENTATION(#18,'Profile','Curve3D',(#2411));
#2413=IFCCARTESIANPOINT((0.,0.,0.));
#2414=IFCDIRECTION((1.,0.,0.));
#2415=IFCDIRECTION((0.,0.,1.));
#2416=IFCAXIS2PLACEMENT3D(#2413,#2415,#2414);
#2417=IFCREPRESENTATIONMAP(#2416,#2412);
#2418=IFCCARTESIANPOINTLIST2D(((0.,0.),(0.60000002384185791,0.),(0.60000002384185791,0.89999997615814209),(0.,0.89999997615814209)));
#2419=IFCINDEXEDPOLYCURVE(#2418,(IFCLINEINDEX((1,2,3,4,1))),$);
#2420=IFCCARTESIANPOINTLIST2D(((0.02500000037252903,0.02500000037252903),(0.57500002346932888,0.02500000037252903),(0.57500002346932888,0.87499997578561306),(0.02500000037252903,0.87499997578561306)));
#2421=IFCINDEXEDPOLYCURVE(#2420,(IFCLINEINDEX((1,2,3,4,1))),$);
#2422=IFCARBITRARYPROFILEDEFWITHVOIDS(.AREA.,$,#2419,(#2421));
#2423=IFCCARTESIANPOINT((0.,0.090000001713633537,0.));
#2424=IFCDIRECTION((0.,-1.,0.));
#2425=IFCDIRECTION((1.,0.,0.));
#2426=IFCAXIS2PLACEMENT3D(#2423,#2424,#2425);
#2427=IFCDIRECTION((0.,0.,-1.));
#2428=IFCEXTRUDEDAREASOLID(#2422,#2426,#2427,0.0099999997764825821);
#2429=IFCCARTESIANPOINTLIST2D(((0.,0.),(0.60000002384185791,0.),(0.60000002384185791,0.89999997615814209),(0.,0.89999997615814209)));
#2430=IFCINDEXEDPOLYCURVE(#2429,(IFCLINEINDEX((1,2,3,4,1))),$);
#2431=IFCCARTESIANPOINTLIST2D(((0.05000000074505806,0.05000000074505806),(0.55000002309679985,0.05000000074505806),(0.55000002309679985,0.84999997541308403),(0.05000000074505806,0.84999997541308403)));
#2432=IFCINDEXEDPOLYCURVE(#2431,(IFCLINEINDEX((1,2,3,4,1))),$);
#2433=IFCARBITRARYPROFILEDEFWITHVOIDS(.AREA.,$,#2430,(#2432));
#2434=IFCCARTESIANPOINT((0.,0.05000000074505806,0.));
#2435=IFCDIRECTION((0.,-1.,0.));
#2436=IFCDIRECTION((1.,0.,0.));
#2437=IFCAXIS2PLACEMENT3D(#2434,#2435,#2436);
#2438=IFCDIRECTION((0.,0.,-1.));
#2439=IFCEXTRUDEDAREASOLID(#2433,#2437,#2438,0.040000000968575478);
#2440=IFCCARTESIANPOINTLIST2D(((0.,0.),(0.55000002309679985,0.),(0.55000002309679985,0.84999997541308403),(0.,0.84999997541308403)));
#2441=IFCINDEXEDPOLYCURVE(#2440,(IFCLINEINDEX((1,2,3,4,1))),$);
#2442=IFCCARTESIANPOINTLIST2D(((0.035000000149011612,0.035000000149011612),(0.51500002294778824,0.035000000149011612),(0.51500002294778824,0.81499997526407242),(0.035000000149011612,0.81499997526407242)));
#2443=IFCINDEXEDPOLYCURVE(#2442,(IFCLINEINDEX((1,2,3,4,1))),$);
#2444=IFCARBITRARYPROFILEDEFWITHVOIDS(.AREA.,$,#2441,(#2443));
#2445=IFCCARTESIANPOINT((0.02500000037252903,0.090000001713633537,0.02500000037252903));
#2446=IFCDIRECTION((0.,-1.,0.));
#2447=IFCDIRECTION((1.,0.,0.));
#2448=IFCAXIS2PLACEMENT3D(#2445,#2446,#2447);
#2449=IFCDIRECTION((0.,0.,-1.));
#2450=IFCEXTRUDEDAREASOLID(#2444,#2448,#2449,0.035000000149011612);
#2451=IFCINDEXEDPOLYCURVE(#2452,(IFCLINEINDEX((1,2,3,4,1))),$);
#2452=IFCCARTESIANPOINTLIST2D(((0.035000000149011612,0.035000000149011612),(0.51500002294778824,0.035000000149011612),(0.51500002294778824,0.81499997526407242),(0.035000000149011612,0.81499997526407242)));
#2453=IFCARBITRARYCLOSEDPROFILEDEF(.AREA.,$,#2451);
#2454=IFCCARTESIANPOINT((0.02500000037252903,0.10250000178813934,0.02500000037252903));
#2455=IFCDIRECTION((0.,-1.,0.));
#2456=IFCDIRECTION((1.,0.,0.));
#2457=IFCAXIS2PLACEMENT3D(#2454,#2455,#2456);
#2458=IFCDIRECTION((0.,0.,-1.));
#2459=IFCEXTRUDEDAREASOLID(#2453,#2457,#2458,0.01);
#2460=IFCSHAPEREPRESENTATION(#11,'Body','SweptSolid',(#2428,#2439,#2450,#2459));
#2461=IFCCARTESIANPOINT((0.,0.,0.));
#2462=IFCDIRECTION((1.,0.,0.));
#2463=IFCDIRECTION((0.,0.,1.));
#2464=IFCAXIS2PLACEMENT3D(#2461,#2463,#2462);
#2465=IFCREPRESENTATIONMAP(#2464,#2460);
#2466=IFCCARTESIANPOINTLIST2D(((0.05000000074505806,0.05000000074505806),(0.55000002309679985,0.05000000074505806)));
#2467=IFCINDEXEDPOLYCURVE(#2466,$,$);
#2468=IFCCARTESIANPOINTLIST2D(((0.,0.10000000149011612),(0.02500000037252903,0.10000000149011612),(0.02500000037252903,0.090000001713633537),(0.05000000074505806,0.090000001713633537),(0.05000000074505806,0.05000000074505806),(0.,0.05000000074505806)));
#2469=IFCINDEXEDPOLYCURVE(#2468,(IFCLINEINDEX((1,2,3,4,5,6,1))),$);
#2470=IFCCARTESIANPOINTLIST2D(((0.60000002384185791,0.10000000149011612),(0.57500002346932888,0.10000000149011612),(0.57500002346932888,0.090000001713633537),(0.55000002309679985,0.090000001713633537),(0.55000002309679985,0.05000000074505806),(0.60000002384185791,0.05000000074505806)));
#2471=IFCINDEXEDPOLYCURVE(#2470,(IFCLINEINDEX((1,2,3,4,5,6,1))),$);
#2472=IFCCARTESIANPOINTLIST2D(((0.02500000037252903,0.090000001713633537),(0.060000000521540642,0.090000001713633537),(0.060000000521540642,0.12500000186264515),(0.02500000037252903,0.12500000186264515)));
#2473=IFCINDEXEDPOLYCURVE(#2472,(IFCLINEINDEX((1,2,3,4,1))),$);
#2474=IFCINDEXEDPOLYCURVE(#2475,(IFCLINEINDEX((1,2,3,4,1))),$);
#2475=IFCCARTESIANPOINTLIST2D(((0.57500002346932888,0.090000001713633537),(0.54000002332031727,0.090000001713633537),(0.54000002332031727,0.12500000186264515),(0.57500002346932888,0.12500000186264515)));
#2476=IFCCARTESIANPOINTLIST2D(((0.060000000521540642,0.090000001713633537),(0.54000002332031727,0.090000001713633537)));
#2477=IFCINDEXEDPOLYCURVE(#2476,$,$);
#2478=IFCINDEXEDPOLYCURVE(#2479,$,$);
#2479=IFCCARTESIANPOINTLIST2D(((0.060000000521540642,0.12500000186264515),(0.54000002332031727,0.12500000186264515)));
#2480=IFCINDEXEDPOLYCURVE(#2481,$,$);
#2481=IFCCARTESIANPOINTLIST2D(((0.060000000521540642,0.10750000178813934),(0.54000002332031727,0.10750000178813934)));
#2482=IFCSHAPEREPRESENTATION(#24,'Body','Curve2D',(#2467,#2469,#2471,#2473,#2474,#2477,#2478,#2480));
#2483=IFCCARTESIANPOINT((0.,0.,0.));
#2484=IFCDIRECTION((1.,0.,0.));
#2485=IFCDIRECTION((0.,0.,1.));
#2486=IFCAXIS2PLACEMENT3D(#2483,#2485,#2484);
#2487=IFCREPRESENTATIONMAP(#2486,#2482);
#2517=IFCWINDOW('0Ds0LuDCL4GuUdX0wsUeBw',$,'Window',$,$,#2940,#2526,$,0.89999997615814209,0.60000002384185791,$,$,$);
#2518=IFCRELDEFINESBYTYPE('1$$R4baIT1L9Igj9uXuQfN',$,$,$,(#2517),#2407);
#2519=IFCCARTESIANPOINT((0.,0.,0.));
#2520=IFCDIRECTION((1.,0.,0.));
#2521=IFCDIRECTION((0.,1.,0.));
#2522=IFCDIRECTION((0.,0.,1.));
#2523=IFCCARTESIANTRANSFORMATIONOPERATOR3D(#2520,#2521,#2519,1.,#2522);
#2524=IFCMAPPEDITEM(#2417,#2523);
#2525=IFCSHAPEREPRESENTATION(#18,'Profile','MappedRepresentation',(#2524));
#2526=IFCPRODUCTDEFINITIONSHAPE($,$,(#2525,#2533,#2540));
#2527=IFCCARTESIANPOINT((0.,0.,0.));
#2528=IFCDIRECTION((1.,0.,0.));
#2529=IFCDIRECTION((0.,1.,0.));
#2530=IFCDIRECTION((0.,0.,1.));
#2531=IFCCARTESIANTRANSFORMATIONOPERATOR3D(#2528,#2529,#2527,1.,#2530);
#2532=IFCMAPPEDITEM(#2465,#2531);
#2533=IFCSHAPEREPRESENTATION(#11,'Body','MappedRepresentation',(#2532));
#2534=IFCCARTESIANPOINT((0.,0.,0.));
#2535=IFCDIRECTION((1.,0.,0.));
#2536=IFCDIRECTION((0.,1.,0.));
#2537=IFCDIRECTION((0.,0.,1.));
#2538=IFCCARTESIANTRANSFORMATIONOPERATOR3D(#2535,#2536,#2534,1.,#2537);
#2539=IFCMAPPEDITEM(#2487,#2538);
#2540=IFCSHAPEREPRESENTATION(#24,'Body','MappedRepresentation',(#2539));
#2546=IFCWINDOWTYPE('3jx1i3Ygb5PfGqLW5UZDsX',$,'Bathroom Window',$,$,(#2547),(#2556,#2604,#2626),$,$,.WINDOW.,.SINGLE_PANEL.,$,$);
#2547=IFCPROPERTYSET('0DJyyxCmTEQe5rA$_uIiez',$,'BBIM_Window',$,(#2548));
#2548=IFCPROPERTYSINGLEVALUE('Data',$,IFCTEXT('{"window_type": "SINGLE_PANEL", "overall_height": 0.8999999761581421, "overall_width": 0.6000000238418579, "lining_properties": {"lining_depth": 0.05000000074505806, "lining_thickness": 0.05000000074505806, "lining_offset": 0.05000000074505806, "lining_to_panel_offset_x": 0.02500000037252903, "lining_to_panel_offset_y": 0.02500000037252903}, "panel_properties": {"frame_depth": [0.03500000014901161, 0.03500000014901161, 0.03500000014901161], "frame_thickness": [0.03500000014901161, 0.03500000014901161, 0.03500000014901161]}}'),$);
#2549=IFCCARTESIANPOINTLIST3D(((0.,0.,0.),(0.60000002384185791,0.,0.),(0.60000002384185791,0.,0.89999997615814209),(0.,0.,0.89999997615814209)));
#2550=IFCINDEXEDPOLYCURVE(#2549,(IFCLINEINDEX((1,2,3,4,1))),$);
#2551=IFCSHAPEREPRESENTATION(#18,'Profile','Curve3D',(#2550));
#2552=IFCCARTESIANPOINT((0.,0.,0.));
#2553=IFCDIRECTION((1.,0.,0.));
#2554=IFCDIRECTION((0.,0.,1.));
#2555=IFCAXIS2PLACEMENT3D(#2552,#2554,#2553);
#2556=IFCREPRESENTATIONMAP(#2555,#2551);
#2557=IFCCARTESIANPOINTLIST2D(((0.,0.),(0.60000002384185791,0.),(0.60000002384185791,0.89999997615814209),(0.,0.89999997615814209)));
#2558=IFCINDEXEDPOLYCURVE(#2557,(IFCLINEINDEX((1,2,3,4,1))),$);
#2559=IFCCARTESIANPOINTLIST2D(((0.02500000037252903,0.02500000037252903),(0.57500002346932888,0.02500000037252903),(0.57500002346932888,0.87499997578561306),(0.02500000037252903,0.87499997578561306)));
#2560=IFCINDEXEDPOLYCURVE(#2559,(IFCLINEINDEX((1,2,3,4,1))),$);
#2561=IFCARBITRARYPROFILEDEFWITHVOIDS(.AREA.,$,#2558,(#2560));
#2562=IFCCARTESIANPOINT((0.,0.090000001713633537,0.));
#2563=IFCDIRECTION((0.,-1.,0.));
#2564=IFCDIRECTION((1.,0.,0.));
#2565=IFCAXIS2PLACEMENT3D(#2562,#2563,#2564);
#2566=IFCDIRECTION((0.,0.,-1.));
#2567=IFCEXTRUDEDAREASOLID(#2561,#2565,#2566,0.0099999997764825821);
#2568=IFCCARTESIANPOINTLIST2D(((0.,0.),(0.60000002384185791,0.),(0.60000002384185791,0.89999997615814209),(0.,0.89999997615814209)));
#2569=IFCINDEXEDPOLYCURVE(#2568,(IFCLINEINDEX((1,2,3,4,1))),$);
#2570=IFCCARTESIANPOINTLIST2D(((0.05000000074505806,0.05000000074505806),(0.55000002309679985,0.05000000074505806),(0.55000002309679985,0.84999997541308403),(0.05000000074505806,0.84999997541308403)));
#2571=IFCINDEXEDPOLYCURVE(#2570,(IFCLINEINDEX((1,2,3,4,1))),$);
#2572=IFCARBITRARYPROFILEDEFWITHVOIDS(.AREA.,$,#2569,(#2571));
#2573=IFCCARTESIANPOINT((0.,0.05000000074505806,0.));
#2574=IFCDIRECTION((0.,-1.,0.));
#2575=IFCDIRECTION((1.,0.,0.));
#2576=IFCAXIS2PLACEMENT3D(#2573,#2574,#2575);
#2577=IFCDIRECTION((0.,0.,-1.));
#2578=IFCEXTRUDEDAREASOLID(#2572,#2576,#2577,0.040000000968575478);
#2579=IFCCARTESIANPOINTLIST2D(((0.,0.),(0.55000002309679985,0.),(0.55000002309679985,0.84999997541308403),(0.,0.84999997541308403)));
#2580=IFCINDEXEDPOLYCURVE(#2579,(IFCLINEINDEX((1,2,3,4,1))),$);
#2581=IFCCARTESIANPOINTLIST2D(((0.035000000149011612,0.035000000149011612),(0.51500002294778824,0.035000000149011612),(0.51500002294778824,0.81499997526407242),(0.035000000149011612,0.81499997526407242)));
#2582=IFCINDEXEDPOLYCURVE(#2581,(IFCLINEINDEX((1,2,3,4,1))),$);
#2583=IFCARBITRARYPROFILEDEFWITHVOIDS(.AREA.,$,#2580,(#2582));
#2584=IFCCARTESIANPOINT((0.02500000037252903,0.090000001713633537,0.02500000037252903));
#2585=IFCDIRECTION((0.,-1.,0.));
#2586=IFCDIRECTION((1.,0.,0.));
#2587=IFCAXIS2PLACEMENT3D(#2584,#2585,#2586);
#2588=IFCDIRECTION((0.,0.,-1.));
#2589=IFCEXTRUDEDAREASOLID(#2583,#2587,#2588,0.035000000149011612);
#2590=IFCINDEXEDPOLYCURVE(#2591,(IFCLINEINDEX((1,2,3,4,1))),$);
#2591=IFCCARTESIANPOINTLIST2D(((0.035000000149011612,0.035000000149011612),(0.51500002294778824,0.035000000149011612),(0.51500002294778824,0.81499997526407242),(0.035000000149011612,0.81499997526407242)));
#2592=IFCARBITRARYCLOSEDPROFILEDEF(.AREA.,$,#2590);
#2593=IFCCARTESIANPOINT((0.02500000037252903,0.10250000178813934,0.02500000037252903));
#2594=IFCDIRECTION((0.,-1.,0.));
#2595=IFCDIRECTION((1.,0.,0.));
#2596=IFCAXIS2PLACEMENT3D(#2593,#2594,#2595);
#2597=IFCDIRECTION((0.,0.,-1.));
#2598=IFCEXTRUDEDAREASOLID(#2592,#2596,#2597,0.01);
#2599=IFCSHAPEREPRESENTATION(#11,'Body','SweptSolid',(#2567,#2578,#2589,#2598));
#2600=IFCCARTESIANPOINT((0.,0.,0.));
#2601=IFCDIRECTION((1.,0.,0.));
#2602=IFCDIRECTION((0.,0.,1.));
#2603=IFCAXIS2PLACEMENT3D(#2600,#2602,#2601);
#2604=IFCREPRESENTATIONMAP(#2603,#2599);
#2605=IFCCARTESIANPOINTLIST2D(((0.05000000074505806,0.05000000074505806),(0.55000002309679985,0.05000000074505806)));
#2606=IFCINDEXEDPOLYCURVE(#2605,$,$);
#2607=IFCCARTESIANPOINTLIST2D(((0.,0.10000000149011612),(0.02500000037252903,0.10000000149011612),(0.02500000037252903,0.090000001713633537),(0.05000000074505806,0.090000001713633537),(0.05000000074505806,0.05000000074505806),(0.,0.05000000074505806)));
#2608=IFCINDEXEDPOLYCURVE(#2607,(IFCLINEINDEX((1,2,3,4,5,6,1))),$);
#2609=IFCCARTESIANPOINTLIST2D(((0.60000002384185791,0.10000000149011612),(0.57500002346932888,0.10000000149011612),(0.57500002346932888,0.090000001713633537),(0.55000002309679985,0.090000001713633537),(0.55000002309679985,0.05000000074505806),(0.60000002384185791,0.05000000074505806)));
#2610=IFCINDEXEDPOLYCURVE(#2609,(IFCLINEINDEX((1,2,3,4,5,6,1))),$);
#2611=IFCCARTESIANPOINTLIST2D(((0.02500000037252903,0.090000001713633537),(0.060000000521540642,0.090000001713633537),(0.060000000521540642,0.12500000186264515),(0.02500000037252903,0.12500000186264515)));
#2612=IFCINDEXEDPOLYCURVE(#2611,(IFCLINEINDEX((1,2,3,4,1))),$);
#2613=IFCINDEXEDPOLYCURVE(#2614,(IFCLINEINDEX((1,2,3,4,1))),$);
#2614=IFCCARTESIANPOINTLIST2D(((0.57500002346932888,0.090000001713633537),(0.54000002332031727,0.090000001713633537),(0.54000002332031727,0.12500000186264515),(0.57500002346932888,0.12500000186264515)));
#2615=IFCCARTESIANPOINTLIST2D(((0.060000000521540642,0.090000001713633537),(0.54000002332031727,0.090000001713633537)));
#2616=IFCINDEXEDPOLYCURVE(#2615,$,$);
#2617=IFCINDEXEDPOLYCURVE(#2618,$,$);
#2618=IFCCARTESIANPOINTLIST2D(((0.060000000521540642,0.12500000186264515),(0.54000002332031727,0.12500000186264515)));
#2619=IFCINDEXEDPOLYCURVE(#2620,$,$);
#2620=IFCCARTESIANPOINTLIST2D(((0.060000000521540642,0.10750000178813934),(0.54000002332031727,0.10750000178813934)));
#2621=IFCSHAPEREPRESENTATION(#24,'Body','Curve2D',(#2606,#2608,#2610,#2612,#2613,#2616,#2617,#2619));
#2622=IFCCARTESIANPOINT((0.,0.,0.));
#2623=IFCDIRECTION((1.,0.,0.));
#2624=IFCDIRECTION((0.,0.,1.));
#2625=IFCAXIS2PLACEMENT3D(#2622,#2624,#2623);
#2626=IFCREPRESENTATIONMAP(#2625,#2621);
#2655=IFCWINDOW('0DkWp03yH1fBcPEUzMep0W',$,'Window',$,$,#2945,#2664,$,0.89999997615814209,0.60000002384185791,$,$,$);
#2656=IFCRELDEFINESBYTYPE('37x4rnefHAt8_seVvG9JdZ',$,$,$,(#2655),#2546);
#2657=IFCCARTESIANPOINT((0.,0.,0.));
#2658=IFCDIRECTION((1.,0.,0.));
#2659=IFCDIRECTION((0.,1.,0.));
#2660=IFCDIRECTION((0.,0.,1.));
#2661=IFCCARTESIANTRANSFORMATIONOPERATOR3D(#2658,#2659,#2657,1.,#2660);
#2662=IFCMAPPEDITEM(#2556,#2661);
#2663=IFCSHAPEREPRESENTATION(#18,'Profile','MappedRepresentation',(#2662));
#2664=IFCPRODUCTDEFINITIONSHAPE($,$,(#2663,#2671,#2678));
#2665=IFCCARTESIANPOINT((0.,0.,0.));
#2666=IFCDIRECTION((1.,0.,0.));
#2667=IFCDIRECTION((0.,1.,0.));
#2668=IFCDIRECTION((0.,0.,1.));
#2669=IFCCARTESIANTRANSFORMATIONOPERATOR3D(#2666,#2667,#2665,1.,#2668);
#2670=IFCMAPPEDITEM(#2604,#2669);
#2671=IFCSHAPEREPRESENTATION(#11,'Body','MappedRepresentation',(#2670));
#2672=IFCCARTESIANPOINT((0.,0.,0.));
#2673=IFCDIRECTION((1.,0.,0.));
#2674=IFCDIRECTION((0.,1.,0.));
#2675=IFCDIRECTION((0.,0.,1.));
#2676=IFCCARTESIANTRANSFORMATIONOPERATOR3D(#2673,#2674,#2672,1.,#2675);
#2677=IFCMAPPEDITEM(#2626,#2676);
#2678=IFCSHAPEREPRESENTATION(#24,'Body','MappedRepresentation',(#2677));
#2684=IFCWINDOWTYPE('31J816l7z1uBQjP3OKXx_J',$,'Maid''s Window',$,$,(#2685),(#2694,#2742,#2764),$,$,.WINDOW.,.SINGLE_PANEL.,$,$);
#2685=IFCPROPERTYSET('250n65qBP9Bx2G6x8T6riP',$,'BBIM_Window',$,(#2686));
#2686=IFCPROPERTYSINGLEVALUE('Data',$,IFCTEXT('{"window_type": "SINGLE_PANEL", "overall_height": 0.8999999761581421, "overall_width": 0.6000000238418579, "lining_properties": {"lining_depth": 0.05000000074505806, "lining_thickness": 0.05000000074505806, "lining_offset": 0.05000000074505806, "lining_to_panel_offset_x": 0.02500000037252903, "lining_to_panel_offset_y": 0.02500000037252903}, "panel_properties": {"frame_depth": [0.03500000014901161, 0.03500000014901161, 0.03500000014901161], "frame_thickness": [0.03500000014901161, 0.03500000014901161, 0.03500000014901161]}}'),$);
#2687=IFCCARTESIANPOINTLIST3D(((0.,0.,0.),(0.60000002384185791,0.,0.),(0.60000002384185791,0.,0.89999997615814209),(0.,0.,0.89999997615814209)));
#2688=IFCINDEXEDPOLYCURVE(#2687,(IFCLINEINDEX((1,2,3,4,1))),$);
#2689=IFCSHAPEREPRESENTATION(#18,'Profile','Curve3D',(#2688));
#2690=IFCCARTESIANPOINT((0.,0.,0.));
#2691=IFCDIRECTION((1.,0.,0.));
#2692=IFCDIRECTION((0.,0.,1.));
#2693=IFCAXIS2PLACEMENT3D(#2690,#2692,#2691);
#2694=IFCREPRESENTATIONMAP(#2693,#2689);
#2695=IFCCARTESIANPOINTLIST2D(((0.,0.),(0.60000002384185791,0.),(0.60000002384185791,0.89999997615814209),(0.,0.89999997615814209)));
#2696=IFCINDEXEDPOLYCURVE(#2695,(IFCLINEINDEX((1,2,3,4,1))),$);
#2697=IFCCARTESIANPOINTLIST2D(((0.02500000037252903,0.02500000037252903),(0.57500002346932888,0.02500000037252903),(0.57500002346932888,0.87499997578561306),(0.02500000037252903,0.87499997578561306)));
#2698=IFCINDEXEDPOLYCURVE(#2697,(IFCLINEINDEX((1,2,3,4,1))),$);
#2699=IFCARBITRARYPROFILEDEFWITHVOIDS(.AREA.,$,#2696,(#2698));
#2700=IFCCARTESIANPOINT((0.,0.090000001713633537,0.));
#2701=IFCDIRECTION((0.,-1.,0.));
#2702=IFCDIRECTION((1.,0.,0.));
#2703=IFCAXIS2PLACEMENT3D(#2700,#2701,#2702);
#2704=IFCDIRECTION((0.,0.,-1.));
#2705=IFCEXTRUDEDAREASOLID(#2699,#2703,#2704,0.0099999997764825821);
#2706=IFCCARTESIANPOINTLIST2D(((0.,0.),(0.60000002384185791,0.),(0.60000002384185791,0.89999997615814209),(0.,0.89999997615814209)));
#2707=IFCINDEXEDPOLYCURVE(#2706,(IFCLINEINDEX((1,2,3,4,1))),$);
#2708=IFCCARTESIANPOINTLIST2D(((0.05000000074505806,0.05000000074505806),(0.55000002309679985,0.05000000074505806),(0.55000002309679985,0.84999997541308403),(0.05000000074505806,0.84999997541308403)));
#2709=IFCINDEXEDPOLYCURVE(#2708,(IFCLINEINDEX((1,2,3,4,1))),$);
#2710=IFCARBITRARYPROFILEDEFWITHVOIDS(.AREA.,$,#2707,(#2709));
#2711=IFCCARTESIANPOINT((0.,0.05000000074505806,0.));
#2712=IFCDIRECTION((0.,-1.,0.));
#2713=IFCDIRECTION((1.,0.,0.));
#2714=IFCAXIS2PLACEMENT3D(#2711,#2712,#2713);
#2715=IFCDIRECTION((0.,0.,-1.));
#2716=IFCEXTRUDEDAREASOLID(#2710,#2714,#2715,0.040000000968575478);
#2717=IFCCARTESIANPOINTLIST2D(((0.,0.),(0.55000002309679985,0.),(0.55000002309679985,0.84999997541308403),(0.,0.84999997541308403)));
#2718=IFCINDEXEDPOLYCURVE(#2717,(IFCLINEINDEX((1,2,3,4,1))),$);
#2719=IFCCARTESIANPOINTLIST2D(((0.035000000149011612,0.035000000149011612),(0.51500002294778824,0.035000000149011612),(0.51500002294778824,0.81499997526407242),(0.035000000149011612,0.81499997526407242)));
#2720=IFCINDEXEDPOLYCURVE(#2719,(IFCLINEINDEX((1,2,3,4,1))),$);
#2721=IFCARBITRARYPROFILEDEFWITHVOIDS(.AREA.,$,#2718,(#2720));
#2722=IFCCARTESIANPOINT((0.02500000037252903,0.090000001713633537,0.02500000037252903));
#2723=IFCDIRECTION((0.,-1.,0.));
#2724=IFCDIRECTION((1.,0.,0.));
#2725=IFCAXIS2PLACEMENT3D(#2722,#2723,#2724);
#2726=IFCDIRECTION((0.,0.,-1.));
#2727=IFCEXTRUDEDAREASOLID(#2721,#2725,#2726,0.035000000149011612);
#2728=IFCINDEXEDPOLYCURVE(#2729,(IFCLINEINDEX((1,2,3,4,1))),$);
#2729=IFCCARTESIANPOINTLIST2D(((0.035000000149011612,0.035000000149011612),(0.51500002294778824,0.035000000149011612),(0.51500002294778824,0.81499997526407242),(0.035000000149011612,0.81499997526407242)));
#2730=IFCARBITRARYCLOSEDPROFILEDEF(.AREA.,$,#2728);
#2731=IFCCARTESIANPOINT((0.02500000037252903,0.10250000178813934,0.02500000037252903));
#2732=IFCDIRECTION((0.,-1.,0.));
#2733=IFCDIRECTION((1.,0.,0.));
#2734=IFCAXIS2PLACEMENT3D(#2731,#2732,#2733);
#2735=IFCDIRECTION((0.,0.,-1.));
#2736=IFCEXTRUDEDAREASOLID(#2730,#2734,#2735,0.01);
#2737=IFCSHAPEREPRESENTATION(#11,'Body','SweptSolid',(#2705,#2716,#2727,#2736));
#2738=IFCCARTESIANPOINT((0.,0.,0.));
#2739=IFCDIRECTION((1.,0.,0.));
#2740=IFCDIRECTION((0.,0.,1.));
#2741=IFCAXIS2PLACEMENT3D(#2738,#2740,#2739);
#2742=IFCREPRESENTATIONMAP(#2741,#2737);
#2743=IFCCARTESIANPOINTLIST2D(((0.05000000074505806,0.05000000074505806),(0.55000002309679985,0.05000000074505806)));
#2744=IFCINDEXEDPOLYCURVE(#2743,$,$);
#2745=IFCCARTESIANPOINTLIST2D(((0.,0.10000000149011612),(0.02500000037252903,0.10000000149011612),(0.02500000037252903,0.090000001713633537),(0.05000000074505806,0.090000001713633537),(0.05000000074505806,0.05000000074505806),(0.,0.05000000074505806)));
#2746=IFCINDEXEDPOLYCURVE(#2745,(IFCLINEINDEX((1,2,3,4,5,6,1))),$);
#2747=IFCCARTESIANPOINTLIST2D(((0.60000002384185791,0.10000000149011612),(0.57500002346932888,0.10000000149011612),(0.57500002346932888,0.090000001713633537),(0.55000002309679985,0.090000001713633537),(0.55000002309679985,0.05000000074505806),(0.60000002384185791,0.05000000074505806)));
#2748=IFCINDEXEDPOLYCURVE(#2747,(IFCLINEINDEX((1,2,3,4,5,6,1))),$);
#2749=IFCCARTESIANPOINTLIST2D(((0.02500000037252903,0.090000001713633537),(0.060000000521540642,0.090000001713633537),(0.060000000521540642,0.12500000186264515),(0.02500000037252903,0.12500000186264515)));
#2750=IFCINDEXEDPOLYCURVE(#2749,(IFCLINEINDEX((1,2,3,4,1))),$);
#2751=IFCINDEXEDPOLYCURVE(#2752,(IFCLINEINDEX((1,2,3,4,1))),$);
#2752=IFCCARTESIANPOINTLIST2D(((0.57500002346932888,0.090000001713633537),(0.54000002332031727,0.090000001713633537),(0.54000002332031727,0.12500000186264515),(0.57500002346932888,0.12500000186264515)));
#2753=IFCCARTESIANPOINTLIST2D(((0.060000000521540642,0.090000001713633537),(0.54000002332031727,0.090000001713633537)));
#2754=IFCINDEXEDPOLYCURVE(#2753,$,$);
#2755=IFCINDEXEDPOLYCURVE(#2756,$,$);
#2756=IFCCARTESIANPOINTLIST2D(((0.060000000521540642,0.12500000186264515),(0.54000002332031727,0.12500000186264515)));
#2757=IFCINDEXEDPOLYCURVE(#2758,$,$);
#2758=IFCCARTESIANPOINTLIST2D(((0.060000000521540642,0.10750000178813934),(0.54000002332031727,0.10750000178813934)));
#2759=IFCSHAPEREPRESENTATION(#24,'Body','Curve2D',(#2744,#2746,#2748,#2750,#2751,#2754,#2755,#2757));
#2760=IFCCARTESIANPOINT((0.,0.,0.));
#2761=IFCDIRECTION((1.,0.,0.));
#2762=IFCDIRECTION((0.,0.,1.));
#2763=IFCAXIS2PLACEMENT3D(#2760,#2762,#2761);
#2764=IFCREPRESENTATIONMAP(#2763,#2759);
#2793=IFCWINDOW('2BMclBPaT5RhfmSWcDJqFp',$,'Window',$,$,#2950,#2802,$,0.89999997615814209,0.60000002384185791,$,$,$);
#2794=IFCRELDEFINESBYTYPE('1sADgEtA14t937V37UANvd',$,$,$,(#2793),#2684);
#2795=IFCCARTESIANPOINT((0.,0.,0.));
#2796=IFCDIRECTION((1.,0.,0.));
#2797=IFCDIRECTION((0.,1.,0.));
#2798=IFCDIRECTION((0.,0.,1.));
#2799=IFCCARTESIANTRANSFORMATIONOPERATOR3D(#2796,#2797,#2795,1.,#2798);
#2800=IFCMAPPEDITEM(#2694,#2799);
#2801=IFCSHAPEREPRESENTATION(#18,'Profile','MappedRepresentation',(#2800));
#2802=IFCPRODUCTDEFINITIONSHAPE($,$,(#2801,#2809,#2816));
#2803=IFCCARTESIANPOINT((0.,0.,0.));
#2804=IFCDIRECTION((1.,0.,0.));
#2805=IFCDIRECTION((0.,1.,0.));
#2806=IFCDIRECTION((0.,0.,1.));
#2807=IFCCARTESIANTRANSFORMATIONOPERATOR3D(#2804,#2805,#2803,1.,#2806);
#2808=IFCMAPPEDITEM(#2742,#2807);
#2809=IFCSHAPEREPRESENTATION(#11,'Body','MappedRepresentation',(#2808));
#2810=IFCCARTESIANPOINT((0.,0.,0.));
#2811=IFCDIRECTION((1.,0.,0.));
#2812=IFCDIRECTION((0.,1.,0.));
#2813=IFCDIRECTION((0.,0.,1.));
#2814=IFCCARTESIANTRANSFORMATIONOPERATOR3D(#2811,#2812,#2810,1.,#2813);
#2815=IFCMAPPEDITEM(#2764,#2814);
#2816=IFCSHAPEREPRESENTATION(#24,'Body','MappedRepresentation',(#2815));
#2822=IFCSTAIRFLIGHTTYPE('3XwxO2wFz8FvvLFbCNqg8d',$,'Stairs',$,$,(#2823,#2825),(#2862,#2867),$,$,.STRAIGHT.);
#2823=IFCPROPERTYSET('3ud316C616YBHJtf6RMycJ',$,'BBIM_Stair',$,(#2824));
#2824=IFCPROPERTYSINGLEVALUE('Data',$,IFCTEXT('{"stair_type": "CONCRETE", "width": 1.2000000476837158, "height": 1.0, "number_of_treads": 6, "tread_run": 0.30000001192092896, "nosing_length": 0.0, "nosing_depth": 0.0, "base_slab_depth": 0.25, "top_slab_depth": 0.25, "has_top_nib": true, "tread_depth": 0.25, "custom_first_last_tread_run": [null, null], "custom_tread_lock": true}'),$);
#2825=IFCPROPERTYSET('2lri4thS5BHx7KqpvBgZP_',$,'Pset_StairFlightCommon',$,(#2826,#2827,#2828,#2829,#2830));
#2826=IFCPROPERTYSINGLEVALUE('NumberOfRiser',$,IFCCOUNTMEASURE(7.),$);
#2827=IFCPROPERTYSINGLEVALUE('NumberOfTreads',$,IFCCOUNTMEASURE(6.),$);
#2828=IFCPROPERTYSINGLEVALUE('RiserHeight',$,IFCPOSITIVELENGTHMEASURE(0.14285714285714285),$);
#2829=IFCPROPERTYSINGLEVALUE('TreadLength',$,IFCPOSITIVELENGTHMEASURE(0.25),$);
#2830=IFCPROPERTYSINGLEVALUE('NosingLength',$,IFCLENGTHMEASURE(0.),$);
#2831=IFCINDEXEDPOLYGONALFACE((2,1,19,18,17,16,15,14,13,12,11,10,9,8,7,6,5,4,3));
#2832=IFCINDEXEDPOLYGONALFACE((20,21,22,23,24,25,26,27,28,29,30,31,32,33,34,35,36,37,38));
#2833=IFCINDEXEDPOLYGONALFACE((14,15,33,32));
#2834=IFCINDEXEDPOLYGONALFACE((7,8,26,25));
#2835=IFCINDEXEDPOLYGONALFACE((15,16,34,33));
#2836=IFCINDEXEDPOLYGONALFACE((8,9,27,26));
#2837=IFCINDEXEDPOLYGONALFACE((1,2,20,38));
#2838=IFCINDEXEDPOLYGONALFACE((16,17,35,34));
#2839=IFCINDEXEDPOLYGONALFACE((9,10,28,27));
#2840=IFCINDEXEDPOLYGONALFACE((2,3,21,20));
#2841=IFCINDEXEDPOLYGONALFACE((19,1,38,37));
#2842=IFCINDEXEDPOLYGONALFACE((10,11,29,28));
#2843=IFCINDEXEDPOLYGONALFACE((3,4,22,21));
#2844=IFCINDEXEDPOLYGONALFACE((18,19,37,36));
#2845=IFCINDEXEDPOLYGONALFACE((11,12,30,29));
#2846=IFCINDEXEDPOLYGONALFACE((4,5,23,22));
#2847=IFCINDEXEDPOLYGONALFACE((17,18,36,35));
#2848=IFCINDEXEDPOLYGONALFACE((12,13,31,30));
#2849=IFCINDEXEDPOLYGONALFACE((5,6,24,23));
#2850=IFCINDEXEDPOLYGONALFACE((13,14,32,31));
#2851=IFCINDEXEDPOLYGONALFACE((6,7,25,24));
#2852=IFCCARTESIANPOINTLIST3D(((0.,0.,0.),(0.,0.,0.1428571492433548),(0.30000001192092896,0.,0.1428571492433548),(0.30000001192092896,0.,0.28571429848670959),(0.60000002384185791,0.,0.28571429848670959),(0.60000002384185791,0.,0.42857146263122559),(0.90000003576278687,0.,0.42857146263122559),(0.90000003576278687,0.,0.57142859697341919),(1.2000000476837158,0.,0.57142859697341919),(1.2000000476837158,0.,0.71428573131561279),(1.5,0.,0.71428573131561279),(1.5,0.,0.8571428656578064),(1.7999999523162842,0.,0.8571428656578064),(1.7999999523162842,0.,1.),(2.0999999046325684,0.,1.),(2.0999999046325684,0.,0.75),(2.1564853191375732,0.,0.75),(0.056485176086425781,0.,-0.25),(0.,0.,-0.25),(0.,1.2000000476837158,0.1428571492433548),(0.30000001192092896,1.2000000476837158,0.1428571492433548),(0.30000001192092896,1.2000000476837158,0.28571429848670959),(0.60000002384185791,1.2000000476837158,0.28571429848670959),(0.60000002384185791,1.2000000476837158,0.42857146263122559),(0.90000003576278687,1.2000000476837158,0.42857146263122559),(0.90000003576278687,1.2000000476837158,0.57142859697341919),(1.2000000476837158,1.2000000476837158,0.57142859697341919),(1.2000000476837158,1.2000000476837158,0.71428573131561279),(1.5,1.2000000476837158,0.71428573131561279),(1.5,1.2000000476837158,0.8571428656578064),(1.7999999523162842,1.2000000476837158,0.8571428656578064),(1.7999999523162842,1.2000000476837158,1.),(2.0999999046325684,1.2000000476837158,1.),(2.0999999046325684,1.2000000476837158,0.75),(2.1564853191375732,1.2000000476837158,0.75),(0.056485176086425781,1.2000000476837158,-0.25),(0.,1.2000000476837158,-0.25),(0.,1.2000000476837158,0.)));
#2853=IFCPOLYGONALFACESET(#2852,.T.,(#2831,#2832,#2833,#2834,#2835,#2836,#2837,#2838,#2839,#2840,#2841,#2842,#2843,#2844,#2845,#2846,#2847,#2848,#2849,#2850,#2851),$);
#2854=IFCSHAPEREPRESENTATION(#11,'Body','Tessellation',(#2853));
#2855=IFCCARTESIANPOINT((0.,0.,-0.25));
#2856=IFCBOUNDINGBOX(#2855,2.1564853191375732,1.2000000476837158,1.25);
#2857=IFCSHAPEREPRESENTATION(#13,'Box','BoundingBox',(#2856));
#2858=IFCCARTESIANPOINT((0.,0.,0.));
#2859=IFCDIRECTION((1.,0.,0.));
#2860=IFCDIRECTION((0.,0.,1.));
#2861=IFCAXIS2PLACEMENT3D(#2858,#2860,#2859);
#2862=IFCREPRESENTATIONMAP(#2861,#2857);
#2863=IFCCARTESIANPOINT((0.,0.,0.));
#2864=IFCDIRECTION((1.,0.,0.));
#2865=IFCDIRECTION((0.,0.,1.));
#2866=IFCAXIS2PLACEMENT3D(#2863,#2865,#2864);
#2867=IFCREPRESENTATIONMAP(#2866,#2854);
#2911=IFCCARTESIANPOINT((0.54270458221435547,-2.6079542636871338,0.));
#2912=IFCDIRECTION((0.,0.,1.));
#2913=IFCDIRECTION((1.,0.,0.));
#2914=IFCAXIS2PLACEMENT3D(#2911,#2912,#2913);
#2915=IFCLOCALPLACEMENT(#62,#2914);
#2916=IFCCARTESIANPOINT((-1.1789745092391968,2.741774320602417,0.));
#2917=IFCDIRECTION((0.,0.,1.));
#2918=IFCDIRECTION((-4.3711388286737889E-08,0.99999999999999911,0.));
#2919=IFCAXIS2PLACEMENT3D(#2916,#2917,#2918);
#2920=IFCLOCALPLACEMENT(#62,#2919);
#2921=IFCCARTESIANPOINT((-0.038431830704212189,3.4573929309844971,0.));
#2922=IFCDIRECTION((0.,0.,1.));
#2923=IFCDIRECTION((1.,0.,0.));
#2924=IFCAXIS2PLACEMENT3D(#2921,#2922,#2923);
#2925=IFCLOCALPLACEMENT(#62,#2924);
#2926=IFCCARTESIANPOINT((1.9747035503387451,-2.6639595031738281,0.78479838371276855));
#2927=IFCDIRECTION((0.,0.,1.));
#2928=IFCDIRECTION((1.,0.,0.));
#2929=IFCAXIS2PLACEMENT3D(#2926,#2927,#2928);
#2930=IFCLOCALPLACEMENT(#62,#2929);
#2931=IFCCARTESIANPOINT((-1.7365784645080566,-0.16831673681735992,0.84000790119171143));
#2932=IFCDIRECTION((0.,0.,1.));
#2933=IFCDIRECTION((1.,0.,0.));
#2934=IFCAXIS2PLACEMENT3D(#2931,#2932,#2933);
#2935=IFCLOCALPLACEMENT(#62,#2934);
#2936=IFCCARTESIANPOINT((-2.8360037803649902,2.0131821632385254,0.84000802040100098));
#2937=IFCDIRECTION((0.,0.,1.));
#2938=IFCDIRECTION((-4.3711388286737889E-08,-0.99999999999999911,0.));
#2939=IFCAXIS2PLACEMENT3D(#2936,#2937,#2938);
#2940=IFCLOCALPLACEMENT(#62,#2939);
#2941=IFCCARTESIANPOINT((-1.6524320840835571,5.095341682434082,1.4310081005096436));
#2942=IFCDIRECTION((0.,0.,1.));
#2943=IFCDIRECTION((-0.99999999999994693,-3.2584136988587576E-07,0.));
#2944=IFCAXIS2PLACEMENT3D(#2941,#2942,#2943);
#2945=IFCLOCALPLACEMENT(#62,#2944);
#2946=IFCCARTESIANPOINT((0.0096448417752981186,5.095341682434082,0.84000802040100098));
#2947=IFCDIRECTION((0.,0.,1.));
#2948=IFCDIRECTION((-0.99999999999994693,-3.2584136988587576E-07,0.));
#2949=IFCAXIS2PLACEMENT3D(#2946,#2947,#2948);
#2950=IFCLOCALPLACEMENT(#62,#2949);
#3029=IFCWALL('2Kkg$1lUb8eBD7lYG3jZRu',$,'Wall',$,$,#7299,#3036,$,$);
#3030=IFCRELCONTAINEDINSPATIALSTRUCTURE('2xlyOVZkD9Dv3TLYhGoVmE',$,$,$,(#3105,#5779,#5801,#5409,#4234,#5136,#4084,#3230,#3155,#3080,#7187,#6663,#4669,#4211,#4046,#4409,#3205,#3029,#3130,#5822,#5923,#4640,#4008,#5027,#4833,#3055,#5271,#3255,#6979,#5588,#6620,#6642,#5843,#3180),#63);
#3031=IFCMATERIALLAYERSETUSAGE(#82,.AXIS2.,.POSITIVE.,0.,$);
#3032=IFCRELASSOCIATESMATERIAL('0WbmnE8sHDQhb01F7F3NX$',$,$,$,(#3029),#3031);
#3036=IFCPRODUCTDEFINITIONSHAPE($,$,(#3441,#3438));
#3052=IFCPROPERTYSET('3$5zjhxD14PuoUSK05HuhM',$,'EPset_Parametric',$,(#3054));
#3053=IFCRELDEFINESBYPROPERTIES('1kidKvI1j0MOWtYTYow4uB',$,$,$,(#3029),#3052);
#3054=IFCPROPERTYSINGLEVALUE('Engine',$,IFCLABEL('Bonsai.DumbLayer2'),$);
#3055=IFCWALL('2doX0B4QX2UBBzBF6UfyI7',$,'Wall',$,$,#7304,#3061,$,$);
#3056=IFCMATERIALLAYERSETUSAGE(#82,.AXIS2.,.POSITIVE.,0.,$);
#3057=IFCRELASSOCIATESMATERIAL('2YuQE_oWXBaPGltAqvICDJ',$,$,$,(#3055),#3056);
#3061=IFCPRODUCTDEFINITIONSHAPE($,$,(#3473,#3470));
#3077=IFCPROPERTYSET('2_dDxVRQT7LfDNa2zyEowq',$,'EPset_Parametric',$,(#3079));
#3078=IFCRELDEFINESBYPROPERTIES('1bDE7KajHFlBHBYHAUxg6j',$,$,$,(#3055),#3077);
#3079=IFCPROPERTYSINGLEVALUE('Engine',$,IFCLABEL('Bonsai.DumbLayer2'),$);
#3080=IFCWALL('00ERiBa8rDluOTu6sZwnQ6',$,'Wall',$,$,#7309,#3086,$,$);
#3081=IFCMATERIALLAYERSETUSAGE(#82,.AXIS2.,.POSITIVE.,0.,$);
#3082=IFCRELASSOCIATESMATERIAL('0UB54rd2L5qhraBvevAw4u',$,$,$,(#3080),#3081);
#3086=IFCPRODUCTDEFINITIONSHAPE($,$,(#3505,#3502));
#3102=IFCPROPERTYSET('1Y6Ozm7f58qeOgxOGQXhbz',$,'EPset_Parametric',$,(#3104));
#3103=IFCRELDEFINESBYPROPERTIES('1FGby1s8b44AA$SkWbMLWY',$,$,$,(#3080),#3102);
#3104=IFCPROPERTYSINGLEVALUE('Engine',$,IFCLABEL('Bonsai.DumbLayer2'),$);
#3105=IFCWALL('1IUj8Tdmf4S91gLFT4k4l5',$,'Wall',$,$,#7314,#3111,$,$);
#3106=IFCMATERIALLAYERSETUSAGE(#82,.AXIS2.,.POSITIVE.,0.,$);
#3107=IFCRELASSOCIATESMATERIAL('2ibkOJMp5DFvv1iOpSCkyk',$,$,$,(#3105),#3106);
#3111=IFCPRODUCTDEFINITIONSHAPE($,$,(#3537,#3534));
#3127=IFCPROPERTYSET('1kKs1VOW1DMBVV26r_j$IF',$,'EPset_Parametric',$,(#3129));
#3128=IFCRELDEFINESBYPROPERTIES('3qIE38BKjALg2H9veLgjes',$,$,$,(#3105),#3127);
#3129=IFCPROPERTYSINGLEVALUE('Engine',$,IFCLABEL('Bonsai.DumbLayer2'),$);
#3130=IFCWALL('2Eg6M2wIL4cRh2pDb6bYut',$,'Wall',$,$,#7319,#3136,$,$);
#3131=IFCMATERIALLAYERSETUSAGE(#82,.AXIS2.,.POSITIVE.,0.,$);
#3132=IFCRELASSOCIATESMATERIAL('07YtaLPWb05O4BXdOwXB$5',$,$,$,(#3130),#3131);
#3136=IFCPRODUCTDEFINITIONSHAPE($,$,(#3564,#3561));
#3152=IFCPROPERTYSET('1wzCM3pRH6M9HaRTfNNH7i',$,'EPset_Parametric',$,(#3154));
#3153=IFCRELDEFINESBYPROPERTIES('0rVxxWGgL8afrEWW0937PZ',$,$,$,(#3130),#3152);
#3154=IFCPROPERTYSINGLEVALUE('Engine',$,IFCLABEL('Bonsai.DumbLayer2'),$);
#3155=IFCWALL('0Ng1swMez93vhk506KDn3L',$,'Wall',$,$,#7324,#3161,$,$);
#3156=IFCMATERIALLAYERSETUSAGE(#82,.AXIS2.,.POSITIVE.,0.,$);
#3157=IFCRELASSOCIATESMATERIAL('1B62wW_GP2VAAzRyRxbEhC',$,$,$,(#3155),#3156);
#3161=IFCPRODUCTDEFINITIONSHAPE($,$,(#3596,#3593));
#3177=IFCPROPERTYSET('12xYm6EqH09hWX9MNQRI5G',$,'EPset_Parametric',$,(#3179));
#3178=IFCRELDEFINESBYPROPERTIES('3Yu9aPrLr5U9cc5AZPHliV',$,$,$,(#3155),#3177);
#3179=IFCPROPERTYSINGLEVALUE('Engine',$,IFCLABEL('Bonsai.DumbLayer2'),$);
#3180=IFCWALL('2LQh8WLFz96hQ203nuHojC',$,'Wall',$,$,#7329,#3186,$,$);
#3181=IFCMATERIALLAYERSETUSAGE(#82,.AXIS2.,.POSITIVE.,0.,$);
#3182=IFCRELASSOCIATESMATERIAL('35smhdd6DFmPR9TypuDd7s',$,$,$,(#3180),#3181);
#3186=IFCPRODUCTDEFINITIONSHAPE($,$,(#3628,#3625));
#3202=IFCPROPERTYSET('1$YwAKhYT7_Oldk4ZaJHjd',$,'EPset_Parametric',$,(#3204));
#3203=IFCRELDEFINESBYPROPERTIES('0KXn_LpYH4qPCiNT3ii3Ba',$,$,$,(#3180),#3202);
#3204=IFCPROPERTYSINGLEVALUE('Engine',$,IFCLABEL('Bonsai.DumbLayer2'),$);
#3205=IFCWALL('0gNd82qI19ERbr4aNWQV3I',$,'Wall',$,$,#7334,#3211,$,$);
#3206=IFCMATERIALLAYERSETUSAGE(#82,.AXIS2.,.POSITIVE.,0.,$);
#3207=IFCRELASSOCIATESMATERIAL('1nFDHt7S98DBfQQyA2VVb0',$,$,$,(#3205),#3206);
#3211=IFCPRODUCTDEFINITIONSHAPE($,$,(#3660,#3657));
#3227=IFCPROPERTYSET('2KKwHl7SrE2P4zuEeEnntk',$,'EPset_Parametric',$,(#3229));
#3228=IFCRELDEFINESBYPROPERTIES('2Dhn6DHGH90B5J0dNt0Sz3',$,$,$,(#3205),#3227);
#3229=IFCPROPERTYSINGLEVALUE('Engine',$,IFCLABEL('Bonsai.DumbLayer2'),$);
#3230=IFCWALL('1BLFO$waj4aAyZ0xe2mPDO',$,'Wall',$,$,#7339,#3236,$,$);
#3231=IFCMATERIALLAYERSETUSAGE(#82,.AXIS2.,.POSITIVE.,0.,$);
#3232=IFCRELASSOCIATESMATERIAL('3J5y$$EmX9DA62sHC7wlGO',$,$,$,(#3230),#3231);
#3236=IFCPRODUCTDEFINITIONSHAPE($,$,(#3687,#3684));
#3252=IFCPROPERTYSET('25XgUfRorDqxvsEyaCAOF6',$,'EPset_Parametric',$,(#3254));
#3253=IFCRELDEFINESBYPROPERTIES('2uaXEi80X7KuRfM5cUpwaI',$,$,$,(#3230),#3252);
#3254=IFCPROPERTYSINGLEVALUE('Engine',$,IFCLABEL('Bonsai.DumbLayer2'),$);
#3255=IFCWALL('3XSqGcSg95HhIN4_cTw55z',$,'Wall',$,$,#7344,#3261,$,$);
#3256=IFCMATERIALLAYERSETUSAGE(#82,.AXIS2.,.POSITIVE.,0.,$);
#3257=IFCRELASSOCIATESMATERIAL('1SiUmNyf1CrOuF_MIMYjAG',$,$,$,(#3255),#3256);
#3261=IFCPRODUCTDEFINITIONSHAPE($,$,(#3674,#3671));
#3277=IFCPROPERTYSET('1Bc943z6f4rAf_RtXCbUTz',$,'EPset_Parametric',$,(#3279));
#3278=IFCRELDEFINESBYPROPERTIES('3r$DuhdNL5680YxxCBOsZC',$,$,$,(#3255),#3277);
#3279=IFCPROPERTYSINGLEVALUE('Engine',$,IFCLABEL('Bonsai.DumbLayer2'),$);
#3410=IFCRELCONNECTSPATHELEMENTS('02jNUXU118PPCpJSVzJCF7',$,$,$,$,#3055,#3029,(),(),.ATEND.,.ATSTART.);
#3429=IFCCARTESIANPOINTLIST2D(((0.,0.),(0.,0.15000000596046448),(0.75000010073165457,0.15000000596046448),(0.90000009536743386,0.)));
#3430=IFCINDEXEDPOLYCURVE(#3429,(IFCLINEINDEX((1,2,3,4,1))),$);
#3431=IFCARBITRARYCLOSEDPROFILEDEF(.AREA.,$,#3430);
#3432=IFCCARTESIANPOINT((0.,0.,0.));
#3433=IFCDIRECTION((0.,0.,1.));
#3434=IFCDIRECTION((1.,0.,0.));
#3435=IFCAXIS2PLACEMENT3D(#3432,#3433,#3434);
#3436=IFCDIRECTION((0.,0.,1.));
#3437=IFCEXTRUDEDAREASOLID(#3431,#3435,#3436,3.);
#3438=IFCSHAPEREPRESENTATION(#11,'Body','SweptSolid',(#3437));
#3439=IFCCARTESIANPOINTLIST2D(((0.,0.),(0.90000009536743386,0.)));
#3440=IFCINDEXEDPOLYCURVE(#3439,$,$);
#3441=IFCSHAPEREPRESENTATION(#23,'Axis','Curve2D',(#3440));
#3442=IFCRELCONNECTSPATHELEMENTS('19MobK68DFselQZg6guXC8',$,$,$,$,#3080,#3055,(),(),.ATEND.,.ATSTART.);
#3461=IFCCARTESIANPOINTLIST2D(((0.,0.),(0.14999999463577929,0.15000000596046448),(2.2199998229751667,0.15000000596046448),(2.369999817610946,0.)));
#3462=IFCINDEXEDPOLYCURVE(#3461,(IFCLINEINDEX((1,2,3,4,1))),$);
#3463=IFCARBITRARYCLOSEDPROFILEDEF(.AREA.,$,#3462);
#3464=IFCCARTESIANPOINT((0.,0.,0.));
#3465=IFCDIRECTION((0.,0.,1.));
#3466=IFCDIRECTION((1.,0.,0.));
#3467=IFCAXIS2PLACEMENT3D(#3464,#3465,#3466);
#3468=IFCDIRECTION((0.,0.,1.));
#3469=IFCEXTRUDEDAREASOLID(#3463,#3467,#3468,3.);
#3470=IFCSHAPEREPRESENTATION(#11,'Body','SweptSolid',(#3469));
#3471=IFCCARTESIANPOINTLIST2D(((0.,0.),(2.369999817610946,0.)));
#3472=IFCINDEXEDPOLYCURVE(#3471,$,$);
#3473=IFCSHAPEREPRESENTATION(#23,'Axis','Curve2D',(#3472));
#3474=IFCRELCONNECTSPATHELEMENTS('1R6g_OsuT3BOhZUn_hXlW5',$,$,$,$,#3105,#3080,(),(),.ATEND.,.ATSTART.);
#3493=IFCCARTESIANPOINTLIST2D(((0.,0.),(0.14999999463577926,0.15000000596046448),(9.4600000935801596,0.15000000596046448),(9.610000133514685,0.)));
#3494=IFCINDEXEDPOLYCURVE(#3493,(IFCLINEINDEX((1,2,3,4,1))),$);
#3495=IFCARBITRARYCLOSEDPROFILEDEF(.AREA.,$,#3494);
#3496=IFCCARTESIANPOINT((0.,0.,0.));
#3497=IFCDIRECTION((0.,0.,1.));
#3498=IFCDIRECTION((1.,0.,0.));
#3499=IFCAXIS2PLACEMENT3D(#3496,#3497,#3498);
#3500=IFCDIRECTION((0.,0.,1.));
#3501=IFCEXTRUDEDAREASOLID(#3495,#3499,#3500,3.);
#3502=IFCSHAPEREPRESENTATION(#11,'Body','SweptSolid',(#3501));
#3503=IFCCARTESIANPOINTLIST2D(((0.,0.),(9.610000133514685,0.)));
#3504=IFCINDEXEDPOLYCURVE(#3503,$,$);
#3505=IFCSHAPEREPRESENTATION(#23,'Axis','Curve2D',(#3504));
#3506=IFCRELCONNECTSPATHELEMENTS('1b0aXFTYj8p8JlFinMk82L',$,$,$,$,#3130,#3105,(),(),.ATEND.,.ATSTART.);
#3525=IFCCARTESIANPOINTLIST2D(((0.,0.),(0.15000003993452524,0.15000000596046448),(3.8500014103921485,0.15000000596046448),(4.0000014407907161,0.)));
#3526=IFCINDEXEDPOLYCURVE(#3525,(IFCLINEINDEX((1,2,3,4,1))),$);
#3527=IFCARBITRARYCLOSEDPROFILEDEF(.AREA.,$,#3526);
#3528=IFCCARTESIANPOINT((0.,0.,0.));
#3529=IFCDIRECTION((0.,0.,1.));
#3530=IFCDIRECTION((1.,0.,0.));
#3531=IFCAXIS2PLACEMENT3D(#3528,#3529,#3530);
#3532=IFCDIRECTION((0.,0.,1.));
#3533=IFCEXTRUDEDAREASOLID(#3527,#3531,#3532,3.);
#3534=IFCSHAPEREPRESENTATION(#11,'Body','SweptSolid',(#3533));
#3535=IFCCARTESIANPOINTLIST2D(((0.,0.),(4.0000014407907161,0.)));
#3536=IFCINDEXEDPOLYCURVE(#3535,$,$);
#3537=IFCSHAPEREPRESENTATION(#23,'Axis','Curve2D',(#3536));
#3538=IFCRELCONNECTSPATHELEMENTS('0nLhFKdHb0C9RZjifD_PgO',$,$,$,$,#3155,#3130,(),(),.ATEND.,.ATSTART.);
#3552=IFCCARTESIANPOINTLIST2D(((0.,0.),(0.15000003039856807,0.15000000596046448),(1.1200007281801272,0.15000000596046448),(0.97000061671999538,0.)));
#3553=IFCINDEXEDPOLYCURVE(#3552,(IFCLINEINDEX((1,2,3,4,1))),$);
#3554=IFCARBITRARYCLOSEDPROFILEDEF(.AREA.,$,#3553);
#3555=IFCCARTESIANPOINT((0.,0.,0.));
#3556=IFCDIRECTION((0.,0.,1.));
#3557=IFCDIRECTION((1.,0.,0.));
#3558=IFCAXIS2PLACEMENT3D(#3555,#3556,#3557);
#3559=IFCDIRECTION((0.,0.,1.));
#3560=IFCEXTRUDEDAREASOLID(#3554,#3558,#3559,3.);
#3561=IFCSHAPEREPRESENTATION(#11,'Body','SweptSolid',(#3560));
#3562=IFCCARTESIANPOINTLIST2D(((0.,0.),(0.97000061671999538,0.)));
#3563=IFCINDEXEDPOLYCURVE(#3562,$,$);
#3564=IFCSHAPEREPRESENTATION(#23,'Axis','Curve2D',(#3563));
#3565=IFCRELCONNECTSPATHELEMENTS('0Tq$GjJMHFz9sFguTs537V',$,$,$,$,#3180,#3155,(),(),.ATEND.,.ATSTART.);
#3584=IFCCARTESIANPOINTLIST2D(((0.,0.),(-0.15000011146013187,0.15000000596046448),(3.3499999903834921,0.15000000596046448),(3.5000000660808155,0.)));
#3585=IFCINDEXEDPOLYCURVE(#3584,(IFCLINEINDEX((1,2,3,4,1))),$);
#3586=IFCARBITRARYCLOSEDPROFILEDEF(.AREA.,$,#3585);
#3587=IFCCARTESIANPOINT((0.,0.,0.));
#3588=IFCDIRECTION((0.,0.,1.));
#3589=IFCDIRECTION((1.,0.,0.));
#3590=IFCAXIS2PLACEMENT3D(#3587,#3588,#3589);
#3591=IFCDIRECTION((0.,0.,1.));
#3592=IFCEXTRUDEDAREASOLID(#3586,#3590,#3591,3.);
#3593=IFCSHAPEREPRESENTATION(#11,'Body','SweptSolid',(#3592));
#3594=IFCCARTESIANPOINTLIST2D(((0.,0.),(3.5000000660808155,0.)));
#3595=IFCINDEXEDPOLYCURVE(#3594,$,$);
#3596=IFCSHAPEREPRESENTATION(#23,'Axis','Curve2D',(#3595));
#3597=IFCRELCONNECTSPATHELEMENTS('1jTy7G8ez9p942r62HCsnA',$,$,$,$,#3205,#3180,(),(),.ATEND.,.ATSTART.);
#3616=IFCCARTESIANPOINTLIST2D(((0.,0.),(0.15000007569732376,0.15000000596046448),(7.0000009868448299,0.15000000596046448),(7.1500009814806083,0.)));
#3617=IFCINDEXEDPOLYCURVE(#3616,(IFCLINEINDEX((1,2,3,4,1))),$);
#3618=IFCARBITRARYCLOSEDPROFILEDEF(.AREA.,$,#3617);
#3619=IFCCARTESIANPOINT((0.,0.,0.));
#3620=IFCDIRECTION((0.,0.,1.));
#3621=IFCDIRECTION((1.,0.,0.));
#3622=IFCAXIS2PLACEMENT3D(#3619,#3620,#3621);
#3623=IFCDIRECTION((0.,0.,1.));
#3624=IFCEXTRUDEDAREASOLID(#3618,#3622,#3623,3.);
#3625=IFCSHAPEREPRESENTATION(#11,'Body','SweptSolid',(#3624));
#3626=IFCCARTESIANPOINTLIST2D(((0.,0.),(7.1500009814806083,0.)));
#3627=IFCINDEXEDPOLYCURVE(#3626,$,$);
#3628=IFCSHAPEREPRESENTATION(#23,'Axis','Curve2D',(#3627));
#3629=IFCRELCONNECTSPATHELEMENTS('3rXBNIhZn45Qm8mkQGRuaH',$,$,$,$,#3230,#3205,(),(),.ATEND.,.ATSTART.);
#3648=IFCCARTESIANPOINTLIST2D(((0.,0.),(0.14999999463577929,0.15000000596046448),(3.699999901860604,0.15000000596046448),(3.5499998893434306,0.)));
#3649=IFCINDEXEDPOLYCURVE(#3648,(IFCLINEINDEX((1,2,3,4,1))),$);
#3650=IFCARBITRARYCLOSEDPROFILEDEF(.AREA.,$,#3649);
#3651=IFCCARTESIANPOINT((0.,0.,0.));
#3652=IFCDIRECTION((0.,0.,1.));
#3653=IFCDIRECTION((1.,0.,0.));
#3654=IFCAXIS2PLACEMENT3D(#3651,#3652,#3653);
#3655=IFCDIRECTION((0.,0.,1.));
#3656=IFCEXTRUDEDAREASOLID(#3650,#3654,#3655,3.);
#3657=IFCSHAPEREPRESENTATION(#11,'Body','SweptSolid',(#3656));
#3658=IFCCARTESIANPOINTLIST2D(((0.,0.),(3.5499998893434306,0.)));
#3659=IFCINDEXEDPOLYCURVE(#3658,$,$);
#3660=IFCSHAPEREPRESENTATION(#23,'Axis','Curve2D',(#3659));
#3661=IFCRELCONNECTSPATHELEMENTS('0GPeMwgODCOPghxu83dNgr',$,$,$,$,#3255,#3230,(),(),.ATEND.,.ATSTART.);
#3662=IFCCARTESIANPOINTLIST2D(((0.,0.),(0.15000004827996724,0.15000000596046448),(1.7300000344690751,0.15000000596046448),(1.7300000344690751,0.)));
#3663=IFCINDEXEDPOLYCURVE(#3662,(IFCLINEINDEX((1,2,3,4,1))),$);
#3664=IFCARBITRARYCLOSEDPROFILEDEF(.AREA.,$,#3663);
#3665=IFCCARTESIANPOINT((0.,0.,0.));
#3666=IFCDIRECTION((0.,0.,1.));
#3667=IFCDIRECTION((1.,0.,0.));
#3668=IFCAXIS2PLACEMENT3D(#3665,#3666,#3667);
#3669=IFCDIRECTION((0.,0.,1.));
#3670=IFCEXTRUDEDAREASOLID(#3664,#3668,#3669,3.);
#3671=IFCSHAPEREPRESENTATION(#11,'Body','SweptSolid',(#3670));
#3672=IFCCARTESIANPOINTLIST2D(((0.,0.),(1.7300000344690751,0.)));
#3673=IFCINDEXEDPOLYCURVE(#3672,$,$);
#3674=IFCSHAPEREPRESENTATION(#23,'Axis','Curve2D',(#3673));
#3675=IFCCARTESIANPOINTLIST2D(((0.,0.),(-0.15000001251717313,0.15000000596046448),(0.44008974969366488,0.15000000596046448),(0.59008979797363215,0.)));
#3676=IFCINDEXEDPOLYCURVE(#3675,(IFCLINEINDEX((1,2,3,4,1))),$);
#3677=IFCARBITRARYCLOSEDPROFILEDEF(.AREA.,$,#3676);
#3678=IFCCARTESIANPOINT((0.,0.,0.));
#3679=IFCDIRECTION((0.,0.,1.));
#3680=IFCDIRECTION((1.,0.,0.));
#3681=IFCAXIS2PLACEMENT3D(#3678,#3679,#3680);
#3682=IFCDIRECTION((0.,0.,1.));
#3683=IFCEXTRUDEDAREASOLID(#3677,#3681,#3682,3.);
#3684=IFCSHAPEREPRESENTATION(#11,'Body','SweptSolid',(#3683));
#3685=IFCCARTESIANPOINTLIST2D(((0.,0.),(0.59008979797363215,0.)));
#3686=IFCINDEXEDPOLYCURVE(#3685,$,$);
#3687=IFCSHAPEREPRESENTATION(#23,'Axis','Curve2D',(#3686));
#4008=IFCWALL('05CTaSKS9DpRBEIDB2qRGw',$,'Wall',$,$,#7354,#4014,$,$);
#4009=IFCMATERIALLAYERSETUSAGE(#608,.AXIS2.,.POSITIVE.,0.,$);
#4010=IFCRELASSOCIATESMATERIAL('3Tsqt059LDEQBGlhe3rY1t',$,$,$,(#4008),#4009);
#4014=IFCPRODUCTDEFINITIONSHAPE($,$,(#4045,#4042));
#4030=IFCPROPERTYSET('3acUwMLy16tvhwv8Q1Ntdy',$,'EPset_Parametric',$,(#4032));
#4031=IFCRELDEFINESBYPROPERTIES('07mQqBm$59CfaRKw$jZa3C',$,$,$,(#4008),#4030);
#4032=IFCPROPERTYSINGLEVALUE('Engine',$,IFCLABEL('Bonsai.DumbLayer2'),$);
#4033=IFCCARTESIANPOINTLIST2D(((0.,0.),(0.,0.10000000000000001),(6.8499980954355717,0.10000000000000001),(6.8499980954355717,0.)));
#4034=IFCINDEXEDPOLYCURVE(#4033,(IFCLINEINDEX((1,2,3,4,1))),$);
#4035=IFCARBITRARYCLOSEDPROFILEDEF(.AREA.,$,#4034);
#4036=IFCCARTESIANPOINT((0.,0.,0.));
#4037=IFCDIRECTION((0.,0.,1.));
#4038=IFCDIRECTION((1.,0.,0.));
#4039=IFCAXIS2PLACEMENT3D(#4036,#4037,#4038);
#4040=IFCDIRECTION((0.,0.,1.));
#4041=IFCEXTRUDEDAREASOLID(#4035,#4039,#4040,3.);
#4042=IFCSHAPEREPRESENTATION(#11,'Body','SweptSolid',(#4041));
#4043=IFCCARTESIANPOINTLIST2D(((0.,0.),(6.8499980954355717,0.)));
#4044=IFCINDEXEDPOLYCURVE(#4043,$,$);
#4045=IFCSHAPEREPRESENTATION(#23,'Axis','Curve2D',(#4044));
#4046=IFCWALL('2yZ7VrL7n04PoIggejVe46',$,'Wall',$,$,#7359,#4052,$,$);
#4047=IFCMATERIALLAYERSETUSAGE(#608,.AXIS2.,.POSITIVE.,0.,$);
#4048=IFCRELASSOCIATESMATERIAL('3tJc552DTDOA9_g6szdt8H',$,$,$,(#4046),#4047);
#4052=IFCPRODUCTDEFINITIONSHAPE($,$,(#4083,#4080));
#4068=IFCPROPERTYSET('3Y85AnkpT98B0eSNA2nptK',$,'EPset_Parametric',$,(#4070));
#4069=IFCRELDEFINESBYPROPERTIES('1N8FHPqLvELP3Inr03cPvG',$,$,$,(#4046),#4068);
#4070=IFCPROPERTYSINGLEVALUE('Engine',$,IFCLABEL('Bonsai.DumbLayer2'),$);
#4071=IFCCARTESIANPOINTLIST2D(((0.,0.),(0.,0.10000000000000001),(3.3989744266491906,0.10000000000000001),(3.3989744266491906,0.)));
#4072=IFCINDEXEDPOLYCURVE(#4071,(IFCLINEINDEX((1,2,3,4,1))),$);
#4073=IFCARBITRARYCLOSEDPROFILEDEF(.AREA.,$,#4072);
#4074=IFCCARTESIANPOINT((0.,0.,0.));
#4075=IFCDIRECTION((0.,0.,1.));
#4076=IFCDIRECTION((1.,0.,0.));
#4077=IFCAXIS2PLACEMENT3D(#4074,#4075,#4076);
#4078=IFCDIRECTION((0.,0.,1.));
#4079=IFCEXTRUDEDAREASOLID(#4073,#4077,#4078,3.);
#4080=IFCSHAPEREPRESENTATION(#11,'Body','SweptSolid',(#4079));
#4081=IFCCARTESIANPOINTLIST2D(((0.,0.),(3.3989744266491906,0.)));
#4082=IFCINDEXEDPOLYCURVE(#4081,$,$);
#4083=IFCSHAPEREPRESENTATION(#23,'Axis','Curve2D',(#4082));
#4084=IFCWALL('2wraY3SzPFgQbn4FsTew5J',$,'Wall',$,$,#7364,#4090,$,$);
#4085=IFCMATERIALLAYERSETUSAGE(#608,.AXIS2.,.POSITIVE.,0.,$);
#4086=IFCRELASSOCIATESMATERIAL('0rIuaYbbD8w8JPBE8xNus0',$,$,$,(#4084),#4085);
#4090=IFCPRODUCTDEFINITIONSHAPE($,$,(#4121,#4118));
#4106=IFCPROPERTYSET('3$7yQV8$56OvJvCpToXcq9',$,'EPset_Parametric',$,(#4108));
#4107=IFCRELDEFINESBYPROPERTIES('032yH355TD7hWvHswVYngY',$,$,$,(#4084),#4106);
#4108=IFCPROPERTYSINGLEVALUE('Engine',$,IFCLABEL('Bonsai.DumbLayer2'),$);
#4109=IFCCARTESIANPOINTLIST2D(((0.,0.),(0.,0.10000000000000001),(3.7269477565124491,0.10000000000000001),(3.7269477565124491,0.)));
#4110=IFCINDEXEDPOLYCURVE(#4109,(IFCLINEINDEX((1,2,3,4,1))),$);
#4111=IFCARBITRARYCLOSEDPROFILEDEF(.AREA.,$,#4110);
#4112=IFCCARTESIANPOINT((0.,0.,0.));
#4113=IFCDIRECTION((0.,0.,1.));
#4114=IFCDIRECTION((1.,0.,0.));
#4115=IFCAXIS2PLACEMENT3D(#4112,#4113,#4114);
#4116=IFCDIRECTION((0.,0.,1.));
#4117=IFCEXTRUDEDAREASOLID(#4111,#4115,#4116,3.);
#4118=IFCSHAPEREPRESENTATION(#11,'Body','SweptSolid',(#4117));
#4119=IFCCARTESIANPOINTLIST2D(((0.,0.),(3.7269477565124491,0.)));
#4120=IFCINDEXEDPOLYCURVE(#4119,$,$);
#4121=IFCSHAPEREPRESENTATION(#23,'Axis','Curve2D',(#4120));
#4205=IFCSLABTYPE('0oeDNMgELC7xmwmHrphCH6',$,'2F',$,$,(#4206),$,$,$,.FLOOR.);
#4206=IFCPROPERTYSET('30iMH5ka9FtRSaF3$9dSVm',$,'EPset_Parametric',$,(#4207));
#4207=IFCPROPERTYSINGLEVALUE('LayerSetDirection',$,IFCLABEL('AXIS3'),$);
#4208=IFCRELASSOCIATESMATERIAL('0C471j15v9cgmgy_LcZr0r',$,$,$,(#4205),#4209);
#4209=IFCMATERIALLAYERSET((#4210),$,$);
#4210=IFCMATERIALLAYER(#81,0.10000000000000001,$,$,$,$,$);
#4211=IFCSLAB('1DNtWHkZL21A4ltjGLEzKr',$,'Slab',$,$,#7294,#4226,$,$);
#4212=IFCRELDEFINESBYTYPE('1KuvbhpDj84hKbuJzLqz98',$,$,$,(#4211),#4205);
#4213=IFCMATERIALLAYERSETUSAGE(#4209,.AXIS3.,.POSITIVE.,-0.10000000149011612,$);
#4214=IFCRELASSOCIATESMATERIAL('3HI2hcFxX8m9NkQ7GKtHzl',$,$,$,(#4211),#4213);
#4220=IFCCARTESIANPOINTLIST2D(((0.,0.),(3.5,-1.430511474609375E-06),(3.4999997615814209,0.96999931335449219),(7.500002384185791,0.97000026702880859),(7.5000004768371582,-8.6400003433227539),(2.47955322265625E-05,-8.6400012969970703),(0.,0.)));
#4221=IFCINDEXEDPOLYCURVE(#4220,$,$);
#4222=IFCDIRECTION((0.,0.,1.));
#4223=IFCARBITRARYCLOSEDPROFILEDEF(.AREA.,$,#4221);
#4224=IFCEXTRUDEDAREASOLID(#4223,#4233,#4222,0.10000000000000001);
#4225=IFCSHAPEREPRESENTATION(#11,'Body','SweptSolid',(#4224));
#4226=IFCPRODUCTDEFINITIONSHAPE($,$,(#4225));
#4227=IFCPROPERTYSET('08femUwtH8WPsgejDwnZ3X',$,'EPset_Parametric',$,(#4229));
#4228=IFCRELDEFINESBYPROPERTIES('1Z_$uN3bLChwY4KWTZQw3g',$,$,$,(#4211),#4227);
#4229=IFCPROPERTYSINGLEVALUE('Engine',$,IFCLABEL('Bonsai.DumbLayer3'),$);
#4230=IFCCARTESIANPOINT((-0.,-0.,-0.10000000149011612));
#4231=IFCDIRECTION((0.,0.,1.));
#4232=IFCDIRECTION((1.,0.,0.));
#4233=IFCAXIS2PLACEMENT3D(#4230,#4231,#4232);
#4234=IFCWALL('3$gidNXsXASRElaIgTXiS8',$,'Wall',$,$,#7349,#4240,$,$);
#4235=IFCMATERIALLAYERSETUSAGE(#608,.AXIS2.,.POSITIVE.,0.,$);
#4236=IFCRELASSOCIATESMATERIAL('3MCT5v2QH1tuJLYs2GJkzt',$,$,$,(#4234),#4235);
#4240=IFCPRODUCTDEFINITIONSHAPE($,$,(#4271,#4268));
#4256=IFCPROPERTYSET('2LXbwOR593w95VGIV$ye7R',$,'EPset_Parametric',$,(#4258));
#4257=IFCRELDEFINESBYPROPERTIES('2ndsNYP8f9b8kUOKzBNh$v',$,$,$,(#4234),#4256);
#4258=IFCPROPERTYSINGLEVALUE('Engine',$,IFCLABEL('Bonsai.DumbLayer2'),$);
#4259=IFCCARTESIANPOINTLIST2D(((0.,0.),(0.,0.10000000000000001),(3.7446487392408327,0.10000000000000001),(3.7446487392408327,0.)));
#4260=IFCINDEXEDPOLYCURVE(#4259,(IFCLINEINDEX((1,2,3,4,1))),$);
#4261=IFCARBITRARYCLOSEDPROFILEDEF(.AREA.,$,#4260);
#4262=IFCCARTESIANPOINT((0.,0.,0.));
#4263=IFCDIRECTION((0.,0.,1.));
#4264=IFCDIRECTION((1.,0.,0.));
#4265=IFCAXIS2PLACEMENT3D(#4262,#4263,#4264);
#4266=IFCDIRECTION((0.,0.,1.));
#4267=IFCEXTRUDEDAREASOLID(#4261,#4265,#4266,3.);
#4268=IFCSHAPEREPRESENTATION(#11,'Body','SweptSolid',(#4267));
#4269=IFCCARTESIANPOINTLIST2D(((0.,0.),(3.7446487392408327,0.)));
#4270=IFCINDEXEDPOLYCURVE(#4269,$,$);
#4271=IFCSHAPEREPRESENTATION(#23,'Axis','Curve2D',(#4270));
#4272=IFCDOORTYPE('3m$lrY$Pn7Tfa1w7A_1QRF',$,'Balcony Door',$,$,(#4273),(#4282,#4360,#4379),$,$,.DOOR.,.SINGLE_SWING_LEFT.,$,$);
#4273=IFCPROPERTYSET('1Op05BmlL8Lg8zOdbUeGM9',$,'BBIM_Door',$,(#4274));
#4274=IFCPROPERTYSINGLEVALUE('Data',$,IFCTEXT('{"door_type": "SINGLE_SWING_LEFT", "overall_height": 2.0, "overall_width": 0.8999999761581421, "lining_properties": {"lining_depth": 0.15000000596046448, "lining_thickness": 0.05000000074505806, "lining_offset": 0.0, "lining_to_panel_offset_x": 0.02500000037252903, "lining_to_panel_offset_y": 0.02500000037252903, "transom_thickness": 0.0, "casing_thickness": 0.07500000298023224, "casing_depth": 0.004999999888241291, "threshold_thickness": 0.02500000037252903, "threshold_depth": 0.15000000596046448, "threshold_offset": 0.0}, "panel_properties": {"panel_depth": 0.03500000014901161, "panel_width_ratio": 1.0}}'),$);
#4278=IFCCARTESIANPOINT((0.,0.,0.));
#4279=IFCDIRECTION((1.,0.,0.));
#4280=IFCDIRECTION((0.,0.,1.));
#4281=IFCAXIS2PLACEMENT3D(#4278,#4280,#4279);
#4282=IFCREPRESENTATIONMAP(#4281,#4440);
#4356=IFCCARTESIANPOINT((0.,0.,0.));
#4357=IFCDIRECTION((1.,0.,0.));
#4358=IFCDIRECTION((0.,0.,1.));
#4359=IFCAXIS2PLACEMENT3D(#4356,#4358,#4357);
#4360=IFCREPRESENTATIONMAP(#4359,#4513);
#4375=IFCCARTESIANPOINT((0.,0.,0.));
#4376=IFCDIRECTION((1.,0.,0.));
#4377=IFCDIRECTION((0.,0.,1.));
#4378=IFCAXIS2PLACEMENT3D(#4375,#4377,#4376);
#4379=IFCREPRESENTATIONMAP(#4378,#4531);
#4409=IFCDOOR('1cjVoABSHAeAGWubEsQXir',$,'Door',$,$,#7234,#4418,$,2.,0.89999997615814209,$,.SINGLE_SWING_LEFT.,$);
#4410=IFCRELDEFINESBYTYPE('2bp2LAJIXCtvMPww$D4J5R',$,$,$,(#4409),#4272);
#4411=IFCCARTESIANPOINT((0.,0.,0.));
#4412=IFCDIRECTION((1.,0.,0.));
#4413=IFCDIRECTION((0.,1.,0.));
#4414=IFCDIRECTION((0.,0.,1.));
#4415=IFCCARTESIANTRANSFORMATIONOPERATOR3D(#4412,#4413,#4411,1.,#4414);
#4416=IFCMAPPEDITEM(#4282,#4415);
#4417=IFCSHAPEREPRESENTATION(#18,'Profile','MappedRepresentation',(#4416));
#4418=IFCPRODUCTDEFINITIONSHAPE($,$,(#4417,#4425,#4432));
#4419=IFCCARTESIANPOINT((0.,0.,0.));
#4420=IFCDIRECTION((1.,0.,0.));
#4421=IFCDIRECTION((0.,1.,0.));
#4422=IFCDIRECTION((0.,0.,1.));
#4423=IFCCARTESIANTRANSFORMATIONOPERATOR3D(#4420,#4421,#4419,1.,#4422);
#4424=IFCMAPPEDITEM(#4360,#4423);
#4425=IFCSHAPEREPRESENTATION(#11,'Body','MappedRepresentation',(#4424));
#4426=IFCCARTESIANPOINT((0.,0.,0.));
#4427=IFCDIRECTION((1.,0.,0.));
#4428=IFCDIRECTION((0.,1.,0.));
#4429=IFCDIRECTION((0.,0.,1.));
#4430=IFCCARTESIANTRANSFORMATIONOPERATOR3D(#4427,#4428,#4426,1.,#4429);
#4431=IFCMAPPEDITEM(#4379,#4430);
#4432=IFCSHAPEREPRESENTATION(#24,'Body','MappedRepresentation',(#4431));
#4438=IFCCARTESIANPOINTLIST3D(((0.,0.,0.),(0.89999997615814209,0.,0.),(0.89999997615814209,0.,2.),(0.,0.,2.)));
#4439=IFCINDEXEDPOLYCURVE(#4438,(IFCLINEINDEX((1,2,3,4,1))),$);
#4440=IFCSHAPEREPRESENTATION(#18,'Profile','Curve3D',(#4439));
#4441=IFCCARTESIANPOINTLIST2D(((0.,0.),(0.,2.),(0.89999997615814209,2.),(0.89999997615814209,0.),(0.87499997578561306,0.),(0.87499997578561306,1.974999999627471),(0.02500000037252903,1.974999999627471),(0.02500000037252903,0.)));
#4442=IFCINDEXEDPOLYCURVE(#4441,(IFCLINEINDEX((1,2,3,4,5,6,7,8,1))),$);
#4443=IFCARBITRARYCLOSEDPROFILEDEF(.AREA.,$,#4442);
#4444=IFCCARTESIANPOINT((0.,0.02500000037252903,0.));
#4445=IFCDIRECTION((0.,-1.,0.));
#4446=IFCDIRECTION((1.,0.,0.));
#4447=IFCAXIS2PLACEMENT3D(#4444,#4445,#4446);
#4448=IFCDIRECTION((0.,0.,-1.));
#4449=IFCEXTRUDEDAREASOLID(#4443,#4447,#4448,0.12500000558793545);
#4450=IFCCARTESIANPOINTLIST2D(((0.,0.),(0.,2.),(0.89999997615814209,2.),(0.89999997615814209,0.),(0.84999997541308403,0.),(0.84999997541308403,1.9499999992549419),(0.05000000074505806,1.9499999992549419),(0.05000000074505806,0.)));
#4451=IFCINDEXEDPOLYCURVE(#4450,(IFCLINEINDEX((1,2,3,4,5,6,7,8,1))),$);
#4452=IFCARBITRARYCLOSEDPROFILEDEF(.AREA.,$,#4451);
#4453=IFCCARTESIANPOINT((0.,0.,0.));
#4454=IFCDIRECTION((0.,-1.,0.));
#4455=IFCDIRECTION((1.,0.,0.));
#4456=IFCAXIS2PLACEMENT3D(#4453,#4454,#4455);
#4457=IFCDIRECTION((0.,0.,-1.));
#4458=IFCEXTRUDEDAREASOLID(#4452,#4456,#4457,0.02500000037252903);
#4459=IFCCARTESIANPOINTLIST2D(((0.,0.),(0.79999997466802597,0.),(0.79999997466802597,0.15000000596046448),(0.,0.15000000596046448)));
#4460=IFCINDEXEDPOLYCURVE(#4459,(IFCLINEINDEX((1,2,3,4,1))),$);
#4461=IFCARBITRARYCLOSEDPROFILEDEF(.AREA.,$,#4460);
#4462=IFCCARTESIANPOINT((0.05000000074505806,0.,0.));
#4463=IFCDIRECTION((0.,0.,1.));
#4464=IFCDIRECTION((1.,0.,0.));
#4465=IFCAXIS2PLACEMENT3D(#4462,#4463,#4464);
#4466=IFCDIRECTION((0.,0.,1.));
#4467=IFCEXTRUDEDAREASOLID(#4461,#4465,#4466,0.02500000037252903);
#4468=IFCCARTESIANPOINTLIST2D(((0.,0.),(0.,2.0250000022351742),(0.94999998062849045,2.0250000022351742),(0.94999998062849045,0.),(0.87499997764825821,0.),(0.87499997764825821,1.9499999992549419),(0.075000002980232239,1.9499999992549419),(0.075000002980232239,0.)));
#4469=IFCINDEXEDPOLYCURVE(#4468,(IFCLINEINDEX((1,2,3,4,5,6,7,8,1))),$);
#4470=IFCARBITRARYCLOSEDPROFILEDEF(.AREA.,$,#4469);
#4471=IFCCARTESIANPOINT((-0.025000002235174179,-0.004999999888241291,0.));
#4472=IFCDIRECTION((0.,-1.,0.));
#4473=IFCDIRECTION((1.,0.,0.));
#4474=IFCAXIS2PLACEMENT3D(#4471,#4472,#4473);
#4475=IFCDIRECTION((0.,0.,-1.));
#4476=IFCEXTRUDEDAREASOLID(#4470,#4474,#4475,0.004999999888241291);
#4477=IFCCARTESIANPOINTLIST2D(((0.,0.),(0.,2.0250000022351742),(0.94999998062849045,2.0250000022351742),(0.94999998062849045,0.),(0.89999997802078724,0.),(0.89999997802078724,1.974999999627471),(0.050000002607703209,1.974999999627471),(0.050000002607703209,0.)));
#4478=IFCINDEXEDPOLYCURVE(#4477,(IFCLINEINDEX((1,2,3,4,5,6,7,8,1))),$);
#4479=IFCARBITRARYCLOSEDPROFILEDEF(.AREA.,$,#4478);
#4480=IFCCARTESIANPOINT((-0.025000002235174179,0.15000000596046448,0.));
#4481=IFCDIRECTION((0.,-1.,0.));
#4482=IFCDIRECTION((1.,0.,0.));
#4483=IFCAXIS2PLACEMENT3D(#4480,#4481,#4482);
#4484=IFCDIRECTION((0.,0.,-1.));
#4485=IFCEXTRUDEDAREASOLID(#4479,#4483,#4484,0.004999999888241291);
#4486=IFCCARTESIANPOINTLIST2D(((0.,0.),(0.84999997541308403,0.),(0.84999997541308403,0.035000000149011612),(0.,0.035000000149011612)));
#4487=IFCINDEXEDPOLYCURVE(#4486,(IFCLINEINDEX((1,2,3,4,1))),$);
#4488=IFCARBITRARYCLOSEDPROFILEDEF(.AREA.,$,#4487);
#4489=IFCCARTESIANPOINT((0.02500000037252903,0.02500000037252903,0.02500000037252903));
#4490=IFCDIRECTION((0.,0.,1.));
#4491=IFCDIRECTION((1.,0.,0.));
#4492=IFCAXIS2PLACEMENT3D(#4489,#4490,#4491);
#4493=IFCDIRECTION((0.,0.,1.));
#4494=IFCEXTRUDEDAREASOLID(#4488,#4492,#4493,1.9499999992549419);
#4495=IFCCARTESIANPOINTLIST2D(((0.,0.),(0.,-0.040000000000000001),(-0.11999999999999988,-0.040000000000000001),(-0.11999999999999988,-0.02),(-0.020000000000000018,-0.02),(-0.020000000000000018,0.)));
#4496=IFCINDEXEDPOLYCURVE(#4495,(IFCLINEINDEX((1,2,3,4,5,6,1))),$);
#4497=IFCARBITRARYCLOSEDPROFILEDEF(.AREA.,$,#4496);
#4498=IFCCARTESIANPOINT((0.82499997578561302,0.02500000037252903,1.015000000372529));
#4499=IFCDIRECTION((0.,0.,1.));
#4500=IFCDIRECTION((1.,0.,0.));
#4501=IFCAXIS2PLACEMENT3D(#4498,#4499,#4500);
#4502=IFCDIRECTION((0.,0.,1.));
#4503=IFCEXTRUDEDAREASOLID(#4497,#4501,#4502,0.02);
#4504=IFCEXTRUDEDAREASOLID(#4505,#4508,#4512,0.02);
#4505=IFCARBITRARYCLOSEDPROFILEDEF(.AREA.,$,#4506);
#4506=IFCINDEXEDPOLYCURVE(#4507,(IFCLINEINDEX((1,2,3,4,5,6,1))),$);
#4507=IFCCARTESIANPOINTLIST2D(((0.,0.),(0.,0.040000000000000008),(-0.11999999999999988,0.040000000000000008),(-0.11999999999999988,0.020000000000000004),(-0.020000000000000018,0.020000000000000004),(-0.020000000000000018,0.)));
#4508=IFCAXIS2PLACEMENT3D(#4509,#4510,#4511);
#4509=IFCCARTESIANPOINT((0.82499997578561302,0.060000000521540642,1.015000000372529));
#4510=IFCDIRECTION((0.,0.,1.));
#4511=IFCDIRECTION((1.,0.,0.));
#4512=IFCDIRECTION((0.,0.,1.));
#4513=IFCSHAPEREPRESENTATION(#11,'Body','SweptSolid',(#4449,#4458,#4494,#4503,#4504,#4467,#4476,#4485));
#4514=IFCSHAPEREPRESENTATION(#11,'Body','SweptSolid',(#4449,#4458,#4467,#4476,#4485));
#4515=IFCSHAPEASPECT((#4514),'Lining',$,.T.,#4418);
#4516=IFCSHAPEREPRESENTATION(#11,'Body','SweptSolid',(#4494,#4503,#4504));
#4517=IFCSHAPEASPECT((#4516),'Framing',$,.T.,#4418);
#4518=IFCCARTESIANPOINTLIST2D(((0.,0.),(0.,0.15000000596046448),(0.02500000037252903,0.15000000596046448),(0.02500000037252903,0.02500000037252903),(0.05000000074505806,0.02500000037252903),(0.05000000074505806,0.)));
#4519=IFCINDEXEDPOLYCURVE(#4518,(IFCLINEINDEX((1,2,3,4,5,6,1))),$);
#4520=IFCINDEXEDPOLYCURVE(#4521,(IFCLINEINDEX((1,2,3,4,5,6,1))),$);
#4521=IFCCARTESIANPOINTLIST2D(((0.89999997615814209,0.),(0.89999997615814209,0.15000000596046448),(0.87499997578561306,0.15000000596046448),(0.87499997578561306,0.02500000037252903),(0.84999997541308403,0.02500000037252903),(0.84999997541308403,0.)));
#4522=IFCDIRECTION((1.,0.));
#4523=IFCCARTESIANPOINT((0.060000000521540642,0.15000000596046448));
#4524=IFCAXIS2PLACEMENT2D(#4523,#4522);
#4525=IFCELLIPSE(#4524,0.81499997526407242,0.84999997541308403);
#4526=IFCCARTESIANPOINT((0.87499997578561306,0.15000000596046448));
#4527=IFCCARTESIANPOINT((0.060000000521540642,0.99999998137354851));
#4528=IFCTRIMMEDCURVE(#4525,(#4526),(#4527),.T.,.CARTESIAN.);
#4529=IFCCARTESIANPOINTLIST2D(((0.02500000037252903,0.15000000596046448),(0.060000000521540642,0.15000000596046448),(0.060000000521540642,0.99999998137354851),(0.02500000037252903,0.99999998137354851)));
#4530=IFCINDEXEDPOLYCURVE(#4529,(IFCLINEINDEX((1,2,3,4,1))),$);
#4531=IFCSHAPEREPRESENTATION(#24,'Body','Curve2D',(#4519,#4520,#4528,#4530));
#4532=IFCDOORTYPE('2yjdHscXf3VvDsZ$wGZ5G4',$,'Bedroom Door',$,$,(#4533),(#4542,#4620,#4639),$,$,.DOOR.,.SINGLE_SWING_LEFT.,$,$);
#4533=IFCPROPERTYSET('00KCw_329APwtO9Zy6v894',$,'BBIM_Door',$,(#4534));
#4534=IFCPROPERTYSINGLEVALUE('Data',$,IFCTEXT('{"door_type": "SINGLE_SWING_LEFT", "overall_height": 2.0, "overall_width": 0.8999999761581421, "lining_properties": {"lining_depth": 0.05000000074505806, "lining_thickness": 0.05000000074505806, "lining_offset": 0.0, "lining_to_panel_offset_x": 0.02500000037252903, "lining_to_panel_offset_y": 0.02500000037252903, "transom_thickness": 0.0, "casing_thickness": 0.07500000298023224, "casing_depth": 0.004999999888241291, "threshold_thickness": 0.02500000037252903, "threshold_depth": 0.10000000149011612, "threshold_offset": 0.0}, "panel_properties": {"panel_depth": 0.03500000014901161, "panel_width_ratio": 1.0}}'),$);
#4535=IFCCARTESIANPOINTLIST3D(((0.,0.,0.),(0.89999997615814209,0.,0.),(0.89999997615814209,0.,2.),(0.,0.,2.)));
#4536=IFCINDEXEDPOLYCURVE(#4535,(IFCLINEINDEX((1,2,3,4,1))),$);
#4537=IFCSHAPEREPRESENTATION(#18,'Profile','Curve3D',(#4536));
#4538=IFCCARTESIANPOINT((0.,0.,0.));
#4539=IFCDIRECTION((1.,0.,0.));
#4540=IFCDIRECTION((0.,0.,1.));
#4541=IFCAXIS2PLACEMENT3D(#4538,#4540,#4539);
#4542=IFCREPRESENTATIONMAP(#4541,#4537);
#4543=IFCCARTESIANPOINTLIST2D(((0.,0.),(0.,2.),(0.89999997615814209,2.),(0.89999997615814209,0.),(0.87499997578561306,0.),(0.87499997578561306,1.974999999627471),(0.02500000037252903,1.974999999627471),(0.02500000037252903,0.)));
#4544=IFCINDEXEDPOLYCURVE(#4543,(IFCLINEINDEX((1,2,3,4,5,6,7,8,1))),$);
#4545=IFCARBITRARYCLOSEDPROFILEDEF(.AREA.,$,#4544);
#4546=IFCCARTESIANPOINT((0.,0.02500000037252903,0.));
#4547=IFCDIRECTION((0.,-1.,0.));
#4548=IFCDIRECTION((1.,0.,0.));
#4549=IFCAXIS2PLACEMENT3D(#4546,#4547,#4548);
#4550=IFCDIRECTION((0.,0.,-1.));
#4551=IFCEXTRUDEDAREASOLID(#4545,#4549,#4550,0.02500000037252903);
#4552=IFCCARTESIANPOINTLIST2D(((0.,0.),(0.,2.),(0.89999997615814209,2.),(0.89999997615814209,0.),(0.84999997541308403,0.),(0.84999997541308403,1.9499999992549419),(0.05000000074505806,1.9499999992549419),(0.05000000074505806,0.)));
#4553=IFCINDEXEDPOLYCURVE(#4552,(IFCLINEINDEX((1,2,3,4,5,6,7,8,1))),$);
#4554=IFCARBITRARYCLOSEDPROFILEDEF(.AREA.,$,#4553);
#4555=IFCCARTESIANPOINT((0.,0.,0.));
#4556=IFCDIRECTION((0.,-1.,0.));
#4557=IFCDIRECTION((1.,0.,0.));
#4558=IFCAXIS2PLACEMENT3D(#4555,#4556,#4557);
#4559=IFCDIRECTION((0.,0.,-1.));
#4560=IFCEXTRUDEDAREASOLID(#4554,#4558,#4559,0.02500000037252903);
#4561=IFCCARTESIANPOINTLIST2D(((0.,0.),(0.79999997466802597,0.),(0.79999997466802597,0.10000000149011612),(0.,0.10000000149011612)));
#4562=IFCINDEXEDPOLYCURVE(#4561,(IFCLINEINDEX((1,2,3,4,1))),$);
#4563=IFCARBITRARYCLOSEDPROFILEDEF(.AREA.,$,#4562);
#4564=IFCCARTESIANPOINT((0.05000000074505806,0.,0.));
#4565=IFCDIRECTION((0.,0.,1.));
#4566=IFCDIRECTION((1.,0.,0.));
#4567=IFCAXIS2PLACEMENT3D(#4564,#4565,#4566);
#4568=IFCDIRECTION((0.,0.,1.));
#4569=IFCEXTRUDEDAREASOLID(#4563,#4567,#4568,0.02500000037252903);
#4570=IFCCARTESIANPOINTLIST2D(((0.,0.),(0.,2.0250000022351742),(0.94999998062849045,2.0250000022351742),(0.94999998062849045,0.),(0.87499997764825821,0.),(0.87499997764825821,1.9499999992549419),(0.075000002980232239,1.9499999992549419),(0.075000002980232239,0.)));
#4571=IFCINDEXEDPOLYCURVE(#4570,(IFCLINEINDEX((1,2,3,4,5,6,7,8,1))),$);
#4572=IFCARBITRARYCLOSEDPROFILEDEF(.AREA.,$,#4571);
#4573=IFCCARTESIANPOINT((-0.025000002235174179,-0.004999999888241291,0.));
#4574=IFCDIRECTION((0.,-1.,0.));
#4575=IFCDIRECTION((1.,0.,0.));
#4576=IFCAXIS2PLACEMENT3D(#4573,#4574,#4575);
#4577=IFCDIRECTION((0.,0.,-1.));
#4578=IFCEXTRUDEDAREASOLID(#4572,#4576,#4577,0.004999999888241291);
#4579=IFCCARTESIANPOINTLIST2D(((0.,0.),(0.,2.0250000022351742),(0.94999998062849045,2.0250000022351742),(0.94999998062849045,0.),(0.89999997802078724,0.),(0.89999997802078724,1.974999999627471),(0.050000002607703209,1.974999999627471),(0.050000002607703209,0.)));
#4580=IFCINDEXEDPOLYCURVE(#4579,(IFCLINEINDEX((1,2,3,4,5,6,7,8,1))),$);
#4581=IFCARBITRARYCLOSEDPROFILEDEF(.AREA.,$,#4580);
#4582=IFCCARTESIANPOINT((-0.025000002235174179,0.05000000074505806,0.));
#4583=IFCDIRECTION((0.,-1.,0.));
#4584=IFCDIRECTION((1.,0.,0.));
#4585=IFCAXIS2PLACEMENT3D(#4582,#4583,#4584);
#4586=IFCDIRECTION((0.,0.,-1.));
#4587=IFCEXTRUDEDAREASOLID(#4581,#4585,#4586,0.004999999888241291);
#4588=IFCCARTESIANPOINTLIST2D(((0.,0.),(0.84999997541308403,0.),(0.84999997541308403,0.035000000149011612),(0.,0.035000000149011612)));
#4589=IFCINDEXEDPOLYCURVE(#4588,(IFCLINEINDEX((1,2,3,4,1))),$);
#4590=IFCARBITRARYCLOSEDPROFILEDEF(.AREA.,$,#4589);
#4591=IFCCARTESIANPOINT((0.02500000037252903,0.02500000037252903,0.02500000037252903));
#4592=IFCDIRECTION((0.,0.,1.));
#4593=IFCDIRECTION((1.,0.,0.));
#4594=IFCAXIS2PLACEMENT3D(#4591,#4592,#4593);
#4595=IFCDIRECTION((0.,0.,1.));
#4596=IFCEXTRUDEDAREASOLID(#4590,#4594,#4595,1.9499999992549419);
#4597=IFCCARTESIANPOINTLIST2D(((0.,0.),(0.,-0.040000000000000001),(-0.11999999999999988,-0.040000000000000001),(-0.11999999999999988,-0.02),(-0.020000000000000018,-0.02),(-0.020000000000000018,0.)));
#4598=IFCINDEXEDPOLYCURVE(#4597,(IFCLINEINDEX((1,2,3,4,5,6,1))),$);
#4599=IFCARBITRARYCLOSEDPROFILEDEF(.AREA.,$,#4598);
#4600=IFCCARTESIANPOINT((0.82499997578561302,0.02500000037252903,1.015000000372529));
#4601=IFCDIRECTION((0.,0.,1.));
#4602=IFCDIRECTION((1.,0.,0.));
#4603=IFCAXIS2PLACEMENT3D(#4600,#4601,#4602);
#4604=IFCDIRECTION((0.,0.,1.));
#4605=IFCEXTRUDEDAREASOLID(#4599,#4603,#4604,0.02);
#4606=IFCEXTRUDEDAREASOLID(#4607,#4610,#4614,0.02);
#4607=IFCARBITRARYCLOSEDPROFILEDEF(.AREA.,$,#4608);
#4608=IFCINDEXEDPOLYCURVE(#4609,(IFCLINEINDEX((1,2,3,4,5,6,1))),$);
#4609=IFCCARTESIANPOINTLIST2D(((0.,0.),(0.,0.040000000000000008),(-0.11999999999999988,0.040000000000000008),(-0.11999999999999988,0.020000000000000004),(-0.020000000000000018,0.020000000000000004),(-0.020000000000000018,0.)));
#4610=IFCAXIS2PLACEMENT3D(#4611,#4612,#4613);
#4611=IFCCARTESIANPOINT((0.82499997578561302,0.060000000521540642,1.015000000372529));
#4612=IFCDIRECTION((0.,0.,1.));
#4613=IFCDIRECTION((1.,0.,0.));
#4614=IFCDIRECTION((0.,0.,1.));
#4615=IFCSHAPEREPRESENTATION(#11,'Body','SweptSolid',(#4551,#4560,#4596,#4605,#4606,#4569,#4578,#4587));
#4616=IFCCARTESIANPOINT((0.,0.,0.));
#4617=IFCDIRECTION((1.,0.,0.));
#4618=IFCDIRECTION((0.,0.,1.));
#4619=IFCAXIS2PLACEMENT3D(#4616,#4618,#4617);
#4620=IFCREPRESENTATIONMAP(#4619,#4615);
#4621=IFCCARTESIANPOINTLIST2D(((0.,0.),(0.,0.05000000074505806),(0.02500000037252903,0.05000000074505806),(0.02500000037252903,0.02500000037252903),(0.05000000074505806,0.02500000037252903),(0.05000000074505806,0.)));
#4622=IFCINDEXEDPOLYCURVE(#4621,(IFCLINEINDEX((1,2,3,4,5,6,1))),$);
#4623=IFCINDEXEDPOLYCURVE(#4624,(IFCLINEINDEX((1,2,3,4,5,6,1))),$);
#4624=IFCCARTESIANPOINTLIST2D(((0.89999997615814209,0.),(0.89999997615814209,0.05000000074505806),(0.87499997578561306,0.05000000074505806),(0.87499997578561306,0.02500000037252903),(0.84999997541308403,0.02500000037252903),(0.84999997541308403,0.)));
#4625=IFCDIRECTION((1.,0.));
#4626=IFCCARTESIANPOINT((0.060000000521540642,0.05000000074505806));
#4627=IFCAXIS2PLACEMENT2D(#4626,#4625);
#4628=IFCELLIPSE(#4627,0.81499997526407242,0.84999997541308403);
#4629=IFCCARTESIANPOINT((0.87499997578561306,0.05000000074505806));
#4630=IFCCARTESIANPOINT((0.060000000521540642,0.89999997615814209));
#4631=IFCTRIMMEDCURVE(#4628,(#4629),(#4630),.T.,.CARTESIAN.);
#4632=IFCCARTESIANPOINTLIST2D(((0.02500000037252903,0.05000000074505806),(0.060000000521540642,0.05000000074505806),(0.060000000521540642,0.89999997615814209),(0.02500000037252903,0.89999997615814209)));
#4633=IFCINDEXEDPOLYCURVE(#4632,(IFCLINEINDEX((1,2,3,4,1))),$);
#4634=IFCSHAPEREPRESENTATION(#24,'Body','Curve2D',(#4622,#4623,#4631,#4633));
#4635=IFCCARTESIANPOINT((0.,0.,0.));
#4636=IFCDIRECTION((1.,0.,0.));
#4637=IFCDIRECTION((0.,0.,1.));
#4638=IFCAXIS2PLACEMENT3D(#4635,#4637,#4636);
#4639=IFCREPRESENTATIONMAP(#4638,#4634);
#4640=IFCDOOR('0LIdBwTeD9luz7mnTw7gMO',$,'Door',$,$,#7239,#4649,$,2.,0.89999997615814209,$,$,$);
#4641=IFCRELDEFINESBYTYPE('0swUHizgHEng79dO5H6iLa',$,$,$,(#4669,#4640),#4532);
#4642=IFCCARTESIANPOINT((0.,0.,0.));
#4643=IFCDIRECTION((1.,0.,0.));
#4644=IFCDIRECTION((0.,1.,0.));
#4645=IFCDIRECTION((0.,0.,1.));
#4646=IFCCARTESIANTRANSFORMATIONOPERATOR3D(#4643,#4644,#4642,1.,#4645);
#4647=IFCMAPPEDITEM(#4542,#4646);
#4648=IFCSHAPEREPRESENTATION(#18,'Profile','MappedRepresentation',(#4647));
#4649=IFCPRODUCTDEFINITIONSHAPE($,$,(#4648,#4656,#4663));
#4650=IFCCARTESIANPOINT((0.,0.,0.));
#4651=IFCDIRECTION((1.,0.,0.));
#4652=IFCDIRECTION((0.,1.,0.));
#4653=IFCDIRECTION((0.,0.,1.));
#4654=IFCCARTESIANTRANSFORMATIONOPERATOR3D(#4651,#4652,#4650,1.,#4653);
#4655=IFCMAPPEDITEM(#4620,#4654);
#4656=IFCSHAPEREPRESENTATION(#11,'Body','MappedRepresentation',(#4655));
#4657=IFCCARTESIANPOINT((0.,0.,0.));
#4658=IFCDIRECTION((1.,0.,0.));
#4659=IFCDIRECTION((0.,1.,0.));
#4660=IFCDIRECTION((0.,0.,1.));
#4661=IFCCARTESIANTRANSFORMATIONOPERATOR3D(#4658,#4659,#4657,1.,#4660);
#4662=IFCMAPPEDITEM(#4639,#4661);
#4663=IFCSHAPEREPRESENTATION(#24,'Body','MappedRepresentation',(#4662));
#4669=IFCDOOR('2jpwSzJ1n7kwUcui62QIL4',$,'Door',$,$,#7244,#4677,$,2.,0.89999997615814209,$,$,$);
#4670=IFCCARTESIANPOINT((0.,0.,0.));
#4671=IFCDIRECTION((1.,0.,0.));
#4672=IFCDIRECTION((0.,1.,0.));
#4673=IFCDIRECTION((0.,0.,1.));
#4674=IFCCARTESIANTRANSFORMATIONOPERATOR3D(#4671,#4672,#4670,1.,#4673);
#4675=IFCMAPPEDITEM(#4542,#4674);
#4676=IFCSHAPEREPRESENTATION(#18,'Profile','MappedRepresentation',(#4675));
#4677=IFCPRODUCTDEFINITIONSHAPE($,$,(#4676,#4684,#4691));
#4678=IFCCARTESIANPOINT((0.,0.,0.));
#4679=IFCDIRECTION((1.,0.,0.));
#4680=IFCDIRECTION((0.,1.,0.));
#4681=IFCDIRECTION((0.,0.,1.));
#4682=IFCCARTESIANTRANSFORMATIONOPERATOR3D(#4679,#4680,#4678,1.,#4681);
#4683=IFCMAPPEDITEM(#4620,#4682);
#4684=IFCSHAPEREPRESENTATION(#11,'Body','MappedRepresentation',(#4683));
#4685=IFCCARTESIANPOINT((0.,0.,0.));
#4686=IFCDIRECTION((1.,0.,0.));
#4687=IFCDIRECTION((0.,1.,0.));
#4688=IFCDIRECTION((0.,0.,1.));
#4689=IFCCARTESIANTRANSFORMATIONOPERATOR3D(#4686,#4687,#4685,1.,#4688);
#4690=IFCMAPPEDITEM(#4639,#4689);
#4691=IFCSHAPEREPRESENTATION(#24,'Body','MappedRepresentation',(#4690));
#4725=IFCDOORTYPE('2t7OAxFebFihK5WpMwf22_',$,'Bedroom I Door',$,$,(#4726),(#4735,#4813,#4832),$,$,.DOOR.,.SINGLE_SWING_LEFT.,$,$);
#4726=IFCPROPERTYSET('0TGEOaO6f2Mu1WevuuMrDW',$,'BBIM_Door',$,(#4727));
#4727=IFCPROPERTYSINGLEVALUE('Data',$,IFCTEXT('{"door_type": "SINGLE_SWING_LEFT", "overall_height": 2.0, "overall_width": 0.8999999761581421, "lining_properties": {"lining_depth": 0.05000000074505806, "lining_thickness": 0.05000000074505806, "lining_offset": 0.0, "lining_to_panel_offset_x": 0.02500000037252903, "lining_to_panel_offset_y": 0.02500000037252903, "transom_thickness": 0.0, "casing_thickness": 0.07500000298023224, "casing_depth": 0.004999999888241291, "threshold_thickness": 0.02500000037252903, "threshold_depth": 0.10000000149011612, "threshold_offset": 0.0}, "panel_properties": {"panel_depth": 0.03500000014901161, "panel_width_ratio": 1.0}}'),$);
#4728=IFCCARTESIANPOINTLIST3D(((0.,0.,0.),(0.89999997615814209,0.,0.),(0.89999997615814209,0.,2.),(0.,0.,2.)));
#4729=IFCINDEXEDPOLYCURVE(#4728,(IFCLINEINDEX((1,2,3,4,1))),$);
#4730=IFCSHAPEREPRESENTATION(#18,'Profile','Curve3D',(#4729));
#4731=IFCCARTESIANPOINT((0.,0.,0.));
#4732=IFCDIRECTION((1.,0.,0.));
#4733=IFCDIRECTION((0.,0.,1.));
#4734=IFCAXIS2PLACEMENT3D(#4731,#4733,#4732);
#4735=IFCREPRESENTATIONMAP(#4734,#4730);
#4736=IFCCARTESIANPOINTLIST2D(((0.,0.),(0.,2.),(0.89999997615814209,2.),(0.89999997615814209,0.),(0.87499997578561306,0.),(0.87499997578561306,1.974999999627471),(0.02500000037252903,1.974999999627471),(0.02500000037252903,0.)));
#4737=IFCINDEXEDPOLYCURVE(#4736,(IFCLINEINDEX((1,2,3,4,5,6,7,8,1))),$);
#4738=IFCARBITRARYCLOSEDPROFILEDEF(.AREA.,$,#4737);
#4739=IFCCARTESIANPOINT((0.,0.02500000037252903,0.));
#4740=IFCDIRECTION((0.,-1.,0.));
#4741=IFCDIRECTION((1.,0.,0.));
#4742=IFCAXIS2PLACEMENT3D(#4739,#4740,#4741);
#4743=IFCDIRECTION((0.,0.,-1.));
#4744=IFCEXTRUDEDAREASOLID(#4738,#4742,#4743,0.02500000037252903);
#4745=IFCCARTESIANPOINTLIST2D(((0.,0.),(0.,2.),(0.89999997615814209,2.),(0.89999997615814209,0.),(0.84999997541308403,0.),(0.84999997541308403,1.9499999992549419),(0.05000000074505806,1.9499999992549419),(0.05000000074505806,0.)));
#4746=IFCINDEXEDPOLYCURVE(#4745,(IFCLINEINDEX((1,2,3,4,5,6,7,8,1))),$);
#4747=IFCARBITRARYCLOSEDPROFILEDEF(.AREA.,$,#4746);
#4748=IFCCARTESIANPOINT((0.,0.,0.));
#4749=IFCDIRECTION((0.,-1.,0.));
#4750=IFCDIRECTION((1.,0.,0.));
#4751=IFCAXIS2PLACEMENT3D(#4748,#4749,#4750);
#4752=IFCDIRECTION((0.,0.,-1.));
#4753=IFCEXTRUDEDAREASOLID(#4747,#4751,#4752,0.02500000037252903);
#4754=IFCCARTESIANPOINTLIST2D(((0.,0.),(0.79999997466802597,0.),(0.79999997466802597,0.10000000149011612),(0.,0.10000000149011612)));
#4755=IFCINDEXEDPOLYCURVE(#4754,(IFCLINEINDEX((1,2,3,4,1))),$);
#4756=IFCARBITRARYCLOSEDPROFILEDEF(.AREA.,$,#4755);
#4757=IFCCARTESIANPOINT((0.05000000074505806,0.,0.));
#4758=IFCDIRECTION((0.,0.,1.));
#4759=IFCDIRECTION((1.,0.,0.));
#4760=IFCAXIS2PLACEMENT3D(#4757,#4758,#4759);
#4761=IFCDIRECTION((0.,0.,1.));
#4762=IFCEXTRUDEDAREASOLID(#4756,#4760,#4761,0.02500000037252903);
#4763=IFCCARTESIANPOINTLIST2D(((0.,0.),(0.,2.0250000022351742),(0.94999998062849045,2.0250000022351742),(0.94999998062849045,0.),(0.87499997764825821,0.),(0.87499997764825821,1.9499999992549419),(0.075000002980232239,1.9499999992549419),(0.075000002980232239,0.)));
#4764=IFCINDEXEDPOLYCURVE(#4763,(IFCLINEINDEX((1,2,3,4,5,6,7,8,1))),$);
#4765=IFCARBITRARYCLOSEDPROFILEDEF(.AREA.,$,#4764);
#4766=IFCCARTESIANPOINT((-0.025000002235174179,-0.004999999888241291,0.));
#4767=IFCDIRECTION((0.,-1.,0.));
#4768=IFCDIRECTION((1.,0.,0.));
#4769=IFCAXIS2PLACEMENT3D(#4766,#4767,#4768);
#4770=IFCDIRECTION((0.,0.,-1.));
#4771=IFCEXTRUDEDAREASOLID(#4765,#4769,#4770,0.004999999888241291);
#4772=IFCCARTESIANPOINTLIST2D(((0.,0.),(0.,2.0250000022351742),(0.94999998062849045,2.0250000022351742),(0.94999998062849045,0.),(0.89999997802078724,0.),(0.89999997802078724,1.974999999627471),(0.050000002607703209,1.974999999627471),(0.050000002607703209,0.)));
#4773=IFCINDEXEDPOLYCURVE(#4772,(IFCLINEINDEX((1,2,3,4,5,6,7,8,1))),$);
#4774=IFCARBITRARYCLOSEDPROFILEDEF(.AREA.,$,#4773);
#4775=IFCCARTESIANPOINT((-0.025000002235174179,0.05000000074505806,0.));
#4776=IFCDIRECTION((0.,-1.,0.));
#4777=IFCDIRECTION((1.,0.,0.));
#4778=IFCAXIS2PLACEMENT3D(#4775,#4776,#4777);
#4779=IFCDIRECTION((0.,0.,-1.));
#4780=IFCEXTRUDEDAREASOLID(#4774,#4778,#4779,0.004999999888241291);
#4781=IFCCARTESIANPOINTLIST2D(((0.,0.),(0.84999997541308403,0.),(0.84999997541308403,0.035000000149011612),(0.,0.035000000149011612)));
#4782=IFCINDEXEDPOLYCURVE(#4781,(IFCLINEINDEX((1,2,3,4,1))),$);
#4783=IFCARBITRARYCLOSEDPROFILEDEF(.AREA.,$,#4782);
#4784=IFCCARTESIANPOINT((0.02500000037252903,0.02500000037252903,0.02500000037252903));
#4785=IFCDIRECTION((0.,0.,1.));
#4786=IFCDIRECTION((1.,0.,0.));
#4787=IFCAXIS2PLACEMENT3D(#4784,#4785,#4786);
#4788=IFCDIRECTION((0.,0.,1.));
#4789=IFCEXTRUDEDAREASOLID(#4783,#4787,#4788,1.9499999992549419);
#4790=IFCCARTESIANPOINTLIST2D(((0.,0.),(0.,-0.040000000000000001),(-0.11999999999999988,-0.040000000000000001),(-0.11999999999999988,-0.02),(-0.020000000000000018,-0.02),(-0.020000000000000018,0.)));
#4791=IFCINDEXEDPOLYCURVE(#4790,(IFCLINEINDEX((1,2,3,4,5,6,1))),$);
#4792=IFCARBITRARYCLOSEDPROFILEDEF(.AREA.,$,#4791);
#4793=IFCCARTESIANPOINT((0.82499997578561302,0.02500000037252903,1.015000000372529));
#4794=IFCDIRECTION((0.,0.,1.));
#4795=IFCDIRECTION((1.,0.,0.));
#4796=IFCAXIS2PLACEMENT3D(#4793,#4794,#4795);
#4797=IFCDIRECTION((0.,0.,1.));
#4798=IFCEXTRUDEDAREASOLID(#4792,#4796,#4797,0.02);
#4799=IFCEXTRUDEDAREASOLID(#4800,#4803,#4807,0.02);
#4800=IFCARBITRARYCLOSEDPROFILEDEF(.AREA.,$,#4801);
#4801=IFCINDEXEDPOLYCURVE(#4802,(IFCLINEINDEX((1,2,3,4,5,6,1))),$);
#4802=IFCCARTESIANPOINTLIST2D(((0.,0.),(0.,0.040000000000000008),(-0.11999999999999988,0.040000000000000008),(-0.11999999999999988,0.020000000000000004),(-0.020000000000000018,0.020000000000000004),(-0.020000000000000018,0.)));
#4803=IFCAXIS2PLACEMENT3D(#4804,#4805,#4806);
#4804=IFCCARTESIANPOINT((0.82499997578561302,0.060000000521540642,1.015000000372529));
#4805=IFCDIRECTION((0.,0.,1.));
#4806=IFCDIRECTION((1.,0.,0.));
#4807=IFCDIRECTION((0.,0.,1.));
#4808=IFCSHAPEREPRESENTATION(#11,'Body','SweptSolid',(#4744,#4753,#4789,#4798,#4799,#4762,#4771,#4780));
#4809=IFCCARTESIANPOINT((0.,0.,0.));
#4810=IFCDIRECTION((1.,0.,0.));
#4811=IFCDIRECTION((0.,0.,1.));
#4812=IFCAXIS2PLACEMENT3D(#4809,#4811,#4810);
#4813=IFCREPRESENTATIONMAP(#4812,#4808);
#4814=IFCCARTESIANPOINTLIST2D(((0.,0.),(0.,0.05000000074505806),(0.02500000037252903,0.05000000074505806),(0.02500000037252903,0.02500000037252903),(0.05000000074505806,0.02500000037252903),(0.05000000074505806,0.)));
#4815=IFCINDEXEDPOLYCURVE(#4814,(IFCLINEINDEX((1,2,3,4,5,6,1))),$);
#4816=IFCINDEXEDPOLYCURVE(#4817,(IFCLINEINDEX((1,2,3,4,5,6,1))),$);
#4817=IFCCARTESIANPOINTLIST2D(((0.89999997615814209,0.),(0.89999997615814209,0.05000000074505806),(0.87499997578561306,0.05000000074505806),(0.87499997578561306,0.02500000037252903),(0.84999997541308403,0.02500000037252903),(0.84999997541308403,0.)));
#4818=IFCDIRECTION((1.,0.));
#4819=IFCCARTESIANPOINT((0.060000000521540642,0.05000000074505806));
#4820=IFCAXIS2PLACEMENT2D(#4819,#4818);
#4821=IFCELLIPSE(#4820,0.81499997526407242,0.84999997541308403);
#4822=IFCCARTESIANPOINT((0.87499997578561306,0.05000000074505806));
#4823=IFCCARTESIANPOINT((0.060000000521540642,0.89999997615814209));
#4824=IFCTRIMMEDCURVE(#4821,(#4822),(#4823),.T.,.CARTESIAN.);
#4825=IFCCARTESIANPOINTLIST2D(((0.02500000037252903,0.05000000074505806),(0.060000000521540642,0.05000000074505806),(0.060000000521540642,0.89999997615814209),(0.02500000037252903,0.89999997615814209)));
#4826=IFCINDEXEDPOLYCURVE(#4825,(IFCLINEINDEX((1,2,3,4,1))),$);
#4827=IFCSHAPEREPRESENTATION(#24,'Body','Curve2D',(#4815,#4816,#4824,#4826));
#4828=IFCCARTESIANPOINT((0.,0.,0.));
#4829=IFCDIRECTION((1.,0.,0.));
#4830=IFCDIRECTION((0.,0.,1.));
#4831=IFCAXIS2PLACEMENT3D(#4828,#4830,#4829);
#4832=IFCREPRESENTATIONMAP(#4831,#4827);
#4833=IFCDOOR('3LwVmy8YDBLev_DMWjarit',$,'Door',$,$,#7249,#4842,$,2.,0.89999997615814209,$,$,$);
#4834=IFCRELDEFINESBYTYPE('31S8eFG$H7Xw9DBZOm10H7',$,$,$,(#4833),#4725);
#4835=IFCCARTESIANPOINT((0.,0.,0.));
#4836=IFCDIRECTION((1.,0.,0.));
#4837=IFCDIRECTION((0.,1.,0.));
#4838=IFCDIRECTION((0.,0.,1.));
#4839=IFCCARTESIANTRANSFORMATIONOPERATOR3D(#4836,#4837,#4835,1.,#4838);
#4840=IFCMAPPEDITEM(#4735,#4839);
#4841=IFCSHAPEREPRESENTATION(#18,'Profile','MappedRepresentation',(#4840));
#4842=IFCPRODUCTDEFINITIONSHAPE($,$,(#4841,#4849,#4856));
#4843=IFCCARTESIANPOINT((0.,0.,0.));
#4844=IFCDIRECTION((1.,0.,0.));
#4845=IFCDIRECTION((0.,1.,0.));
#4846=IFCDIRECTION((0.,0.,1.));
#4847=IFCCARTESIANTRANSFORMATIONOPERATOR3D(#4844,#4845,#4843,1.,#4846);
#4848=IFCMAPPEDITEM(#4813,#4847);
#4849=IFCSHAPEREPRESENTATION(#11,'Body','MappedRepresentation',(#4848));
#4850=IFCCARTESIANPOINT((0.,0.,0.));
#4851=IFCDIRECTION((1.,0.,0.));
#4852=IFCDIRECTION((0.,1.,0.));
#4853=IFCDIRECTION((0.,0.,1.));
#4854=IFCCARTESIANTRANSFORMATIONOPERATOR3D(#4851,#4852,#4850,1.,#4853);
#4855=IFCMAPPEDITEM(#4832,#4854);
#4856=IFCSHAPEREPRESENTATION(#24,'Body','MappedRepresentation',(#4855));
#4862=IFCDOORTYPE('1KiOEb5_X4AQ_H9gOjuxEH',$,'Bathroom 2F Door',$,$,(#4863),(#4872,#4950,#4969),$,$,.DOOR.,.SINGLE_SWING_LEFT.,$,$);
#4863=IFCPROPERTYSET('2nP1Cm7MP2kxgpvdJg1HF4',$,'BBIM_Door',$,(#4864));
#4864=IFCPROPERTYSINGLEVALUE('Data',$,IFCTEXT('{"door_type": "SINGLE_SWING_LEFT", "overall_height": 2.0, "overall_width": 0.8999999761581421, "lining_properties": {"lining_depth": 0.05000000074505806, "lining_thickness": 0.05000000074505806, "lining_offset": 0.0, "lining_to_panel_offset_x": 0.02500000037252903, "lining_to_panel_offset_y": 0.02500000037252903, "transom_thickness": 0.0, "casing_thickness": 0.07500000298023224, "casing_depth": 0.004999999888241291, "threshold_thickness": 0.02500000037252903, "threshold_depth": 0.10000000149011612, "threshold_offset": 0.0}, "panel_properties": {"panel_depth": 0.03500000014901161, "panel_width_ratio": 1.0}}'),$);
#4865=IFCCARTESIANPOINTLIST3D(((0.,0.,0.),(0.89999997615814209,0.,0.),(0.89999997615814209,0.,2.),(0.,0.,2.)));
#4866=IFCINDEXEDPOLYCURVE(#4865,(IFCLINEINDEX((1,2,3,4,1))),$);
#4867=IFCSHAPEREPRESENTATION(#18,'Profile','Curve3D',(#4866));
#4868=IFCCARTESIANPOINT((0.,0.,0.));
#4869=IFCDIRECTION((1.,0.,0.));
#4870=IFCDIRECTION((0.,0.,1.));
#4871=IFCAXIS2PLACEMENT3D(#4868,#4870,#4869);
#4872=IFCREPRESENTATIONMAP(#4871,#4867);
#4873=IFCCARTESIANPOINTLIST2D(((0.,0.),(0.,2.),(0.89999997615814209,2.),(0.89999997615814209,0.),(0.87499997578561306,0.),(0.87499997578561306,1.974999999627471),(0.02500000037252903,1.974999999627471),(0.02500000037252903,0.)));
#4874=IFCINDEXEDPOLYCURVE(#4873,(IFCLINEINDEX((1,2,3,4,5,6,7,8,1))),$);
#4875=IFCARBITRARYCLOSEDPROFILEDEF(.AREA.,$,#4874);
#4876=IFCCARTESIANPOINT((0.,0.02500000037252903,0.));
#4877=IFCDIRECTION((0.,-1.,0.));
#4878=IFCDIRECTION((1.,0.,0.));
#4879=IFCAXIS2PLACEMENT3D(#4876,#4877,#4878);
#4880=IFCDIRECTION((0.,0.,-1.));
#4881=IFCEXTRUDEDAREASOLID(#4875,#4879,#4880,0.02500000037252903);
#4882=IFCCARTESIANPOINTLIST2D(((0.,0.),(0.,2.),(0.89999997615814209,2.),(0.89999997615814209,0.),(0.84999997541308403,0.),(0.84999997541308403,1.9499999992549419),(0.05000000074505806,1.9499999992549419),(0.05000000074505806,0.)));
#4883=IFCINDEXEDPOLYCURVE(#4882,(IFCLINEINDEX((1,2,3,4,5,6,7,8,1))),$);
#4884=IFCARBITRARYCLOSEDPROFILEDEF(.AREA.,$,#4883);
#4885=IFCCARTESIANPOINT((0.,0.,0.));
#4886=IFCDIRECTION((0.,-1.,0.));
#4887=IFCDIRECTION((1.,0.,0.));
#4888=IFCAXIS2PLACEMENT3D(#4885,#4886,#4887);
#4889=IFCDIRECTION((0.,0.,-1.));
#4890=IFCEXTRUDEDAREASOLID(#4884,#4888,#4889,0.02500000037252903);
#4891=IFCCARTESIANPOINTLIST2D(((0.,0.),(0.79999997466802597,0.),(0.79999997466802597,0.10000000149011612),(0.,0.10000000149011612)));
#4892=IFCINDEXEDPOLYCURVE(#4891,(IFCLINEINDEX((1,2,3,4,1))),$);
#4893=IFCARBITRARYCLOSEDPROFILEDEF(.AREA.,$,#4892);
#4894=IFCCARTESIANPOINT((0.05000000074505806,0.,0.));
#4895=IFCDIRECTION((0.,0.,1.));
#4896=IFCDIRECTION((1.,0.,0.));
#4897=IFCAXIS2PLACEMENT3D(#4894,#4895,#4896);
#4898=IFCDIRECTION((0.,0.,1.));
#4899=IFCEXTRUDEDAREASOLID(#4893,#4897,#4898,0.02500000037252903);
#4900=IFCCARTESIANPOINTLIST2D(((0.,0.),(0.,2.0250000022351742),(0.94999998062849045,2.0250000022351742),(0.94999998062849045,0.),(0.87499997764825821,0.),(0.87499997764825821,1.9499999992549419),(0.075000002980232239,1.9499999992549419),(0.075000002980232239,0.)));
#4901=IFCINDEXEDPOLYCURVE(#4900,(IFCLINEINDEX((1,2,3,4,5,6,7,8,1))),$);
#4902=IFCARBITRARYCLOSEDPROFILEDEF(.AREA.,$,#4901);
#4903=IFCCARTESIANPOINT((-0.025000002235174179,-0.004999999888241291,0.));
#4904=IFCDIRECTION((0.,-1.,0.));
#4905=IFCDIRECTION((1.,0.,0.));
#4906=IFCAXIS2PLACEMENT3D(#4903,#4904,#4905);
#4907=IFCDIRECTION((0.,0.,-1.));
#4908=IFCEXTRUDEDAREASOLID(#4902,#4906,#4907,0.004999999888241291);
#4909=IFCCARTESIANPOINTLIST2D(((0.,0.),(0.,2.0250000022351742),(0.94999998062849045,2.0250000022351742),(0.94999998062849045,0.),(0.89999997802078724,0.),(0.89999997802078724,1.974999999627471),(0.050000002607703209,1.974999999627471),(0.050000002607703209,0.)));
#4910=IFCINDEXEDPOLYCURVE(#4909,(IFCLINEINDEX((1,2,3,4,5,6,7,8,1))),$);
#4911=IFCARBITRARYCLOSEDPROFILEDEF(.AREA.,$,#4910);
#4912=IFCCARTESIANPOINT((-0.025000002235174179,0.05000000074505806,0.));
#4913=IFCDIRECTION((0.,-1.,0.));
#4914=IFCDIRECTION((1.,0.,0.));
#4915=IFCAXIS2PLACEMENT3D(#4912,#4913,#4914);
#4916=IFCDIRECTION((0.,0.,-1.));
#4917=IFCEXTRUDEDAREASOLID(#4911,#4915,#4916,0.004999999888241291);
#4918=IFCCARTESIANPOINTLIST2D(((0.,0.),(0.84999997541308403,0.),(0.84999997541308403,0.035000000149011612),(0.,0.035000000149011612)));
#4919=IFCINDEXEDPOLYCURVE(#4918,(IFCLINEINDEX((1,2,3,4,1))),$);
#4920=IFCARBITRARYCLOSEDPROFILEDEF(.AREA.,$,#4919);
#4921=IFCCARTESIANPOINT((0.02500000037252903,0.02500000037252903,0.02500000037252903));
#4922=IFCDIRECTION((0.,0.,1.));
#4923=IFCDIRECTION((1.,0.,0.));
#4924=IFCAXIS2PLACEMENT3D(#4921,#4922,#4923);
#4925=IFCDIRECTION((0.,0.,1.));
#4926=IFCEXTRUDEDAREASOLID(#4920,#4924,#4925,1.9499999992549419);
#4927=IFCCARTESIANPOINTLIST2D(((0.,0.),(0.,-0.040000000000000001),(-0.11999999999999988,-0.040000000000000001),(-0.11999999999999988,-0.02),(-0.020000000000000018,-0.02),(-0.020000000000000018,0.)));
#4928=IFCINDEXEDPOLYCURVE(#4927,(IFCLINEINDEX((1,2,3,4,5,6,1))),$);
#4929=IFCARBITRARYCLOSEDPROFILEDEF(.AREA.,$,#4928);
#4930=IFCCARTESIANPOINT((0.82499997578561302,0.02500000037252903,1.015000000372529));
#4931=IFCDIRECTION((0.,0.,1.));
#4932=IFCDIRECTION((1.,0.,0.));
#4933=IFCAXIS2PLACEMENT3D(#4930,#4931,#4932);
#4934=IFCDIRECTION((0.,0.,1.));
#4935=IFCEXTRUDEDAREASOLID(#4929,#4933,#4934,0.02);
#4936=IFCEXTRUDEDAREASOLID(#4937,#4940,#4944,0.02);
#4937=IFCARBITRARYCLOSEDPROFILEDEF(.AREA.,$,#4938);
#4938=IFCINDEXEDPOLYCURVE(#4939,(IFCLINEINDEX((1,2,3,4,5,6,1))),$);
#4939=IFCCARTESIANPOINTLIST2D(((0.,0.),(0.,0.040000000000000008),(-0.11999999999999988,0.040000000000000008),(-0.11999999999999988,0.020000000000000004),(-0.020000000000000018,0.020000000000000004),(-0.020000000000000018,0.)));
#4940=IFCAXIS2PLACEMENT3D(#4941,#4942,#4943);
#4941=IFCCARTESIANPOINT((0.82499997578561302,0.060000000521540642,1.015000000372529));
#4942=IFCDIRECTION((0.,0.,1.));
#4943=IFCDIRECTION((1.,0.,0.));
#4944=IFCDIRECTION((0.,0.,1.));
#4945=IFCSHAPEREPRESENTATION(#11,'Body','SweptSolid',(#4881,#4890,#4926,#4935,#4936,#4899,#4908,#4917));
#4946=IFCCARTESIANPOINT((0.,0.,0.));
#4947=IFCDIRECTION((1.,0.,0.));
#4948=IFCDIRECTION((0.,0.,1.));
#4949=IFCAXIS2PLACEMENT3D(#4946,#4948,#4947);
#4950=IFCREPRESENTATIONMAP(#4949,#4945);
#4951=IFCCARTESIANPOINTLIST2D(((0.,0.),(0.,0.05000000074505806),(0.02500000037252903,0.05000000074505806),(0.02500000037252903,0.02500000037252903),(0.05000000074505806,0.02500000037252903),(0.05000000074505806,0.)));
#4952=IFCINDEXEDPOLYCURVE(#4951,(IFCLINEINDEX((1,2,3,4,5,6,1))),$);
#4953=IFCINDEXEDPOLYCURVE(#4954,(IFCLINEINDEX((1,2,3,4,5,6,1))),$);
#4954=IFCCARTESIANPOINTLIST2D(((0.89999997615814209,0.),(0.89999997615814209,0.05000000074505806),(0.87499997578561306,0.05000000074505806),(0.87499997578561306,0.02500000037252903),(0.84999997541308403,0.02500000037252903),(0.84999997541308403,0.)));
#4955=IFCDIRECTION((1.,0.));
#4956=IFCCARTESIANPOINT((0.060000000521540642,0.05000000074505806));
#4957=IFCAXIS2PLACEMENT2D(#4956,#4955);
#4958=IFCELLIPSE(#4957,0.81499997526407242,0.84999997541308403);
#4959=IFCCARTESIANPOINT((0.87499997578561306,0.05000000074505806));
#4960=IFCCARTESIANPOINT((0.060000000521540642,0.89999997615814209));
#4961=IFCTRIMMEDCURVE(#4958,(#4959),(#4960),.T.,.CARTESIAN.);
#4962=IFCCARTESIANPOINTLIST2D(((0.02500000037252903,0.05000000074505806),(0.060000000521540642,0.05000000074505806),(0.060000000521540642,0.89999997615814209),(0.02500000037252903,0.89999997615814209)));
#4963=IFCINDEXEDPOLYCURVE(#4962,(IFCLINEINDEX((1,2,3,4,1))),$);
#4964=IFCSHAPEREPRESENTATION(#24,'Body','Curve2D',(#4952,#4953,#4961,#4963));
#4965=IFCCARTESIANPOINT((0.,0.,0.));
#4966=IFCDIRECTION((1.,0.,0.));
#4967=IFCDIRECTION((0.,0.,1.));
#4968=IFCAXIS2PLACEMENT3D(#4965,#4967,#4966);
#4969=IFCREPRESENTATIONMAP(#4968,#4964);
#4971=IFCRELDEFINESBYTYPE('0cFdCtj_TDJ8qIWtXP8A3W',$,$,$,(#5027),#4862);
#5027=IFCDOOR('24IW3IJufApPcS75KpH93f',$,'Door',$,$,#7254,#5035,$,2.,0.89999997615814209,$,$,$);
#5028=IFCCARTESIANPOINT((0.,0.,0.));
#5029=IFCDIRECTION((1.,0.,0.));
#5030=IFCDIRECTION((0.,1.,0.));
#5031=IFCDIRECTION((0.,0.,1.));
#5032=IFCCARTESIANTRANSFORMATIONOPERATOR3D(#5029,#5030,#5028,1.,#5031);
#5033=IFCMAPPEDITEM(#4872,#5032);
#5034=IFCSHAPEREPRESENTATION(#18,'Profile','MappedRepresentation',(#5033));
#5035=IFCPRODUCTDEFINITIONSHAPE($,$,(#5034,#5042,#5049));
#5036=IFCCARTESIANPOINT((0.,0.,0.));
#5037=IFCDIRECTION((1.,0.,0.));
#5038=IFCDIRECTION((0.,1.,0.));
#5039=IFCDIRECTION((0.,0.,1.));
#5040=IFCCARTESIANTRANSFORMATIONOPERATOR3D(#5037,#5038,#5036,1.,#5039);
#5041=IFCMAPPEDITEM(#4950,#5040);
#5042=IFCSHAPEREPRESENTATION(#11,'Body','MappedRepresentation',(#5041));
#5043=IFCCARTESIANPOINT((0.,0.,0.));
#5044=IFCDIRECTION((1.,0.,0.));
#5045=IFCDIRECTION((0.,1.,0.));
#5046=IFCDIRECTION((0.,0.,1.));
#5047=IFCCARTESIANTRANSFORMATIONOPERATOR3D(#5044,#5045,#5043,1.,#5046);
#5048=IFCMAPPEDITEM(#4969,#5047);
#5049=IFCSHAPEREPRESENTATION(#24,'Body','MappedRepresentation',(#5048));
#5055=IFCWINDOWTYPE('3i1UJ1ZBL3y8P8zsJWq0fw',$,'Bedroom 2 Window',$,$,(#5056),(#5065,#5113,#5135),$,$,.WINDOW.,.SINGLE_PANEL.,$,$);
#5056=IFCPROPERTYSET('3vIb2yKK1EufTH1yxfcDOb',$,'BBIM_Window',$,(#5057));
#5057=IFCPROPERTYSINGLEVALUE('Data',$,IFCTEXT('{"window_type": "SINGLE_PANEL", "overall_height": 0.8999999761581421, "overall_width": 0.6000000238418579, "lining_properties": {"lining_depth": 0.05000000074505806, "lining_thickness": 0.05000000074505806, "lining_offset": 0.05000000074505806, "lining_to_panel_offset_x": 0.02500000037252903, "lining_to_panel_offset_y": 0.02500000037252903}, "panel_properties": {"frame_depth": [0.03500000014901161, 0.03500000014901161, 0.03500000014901161], "frame_thickness": [0.03500000014901161, 0.03500000014901161, 0.03500000014901161]}}'),$);
#5058=IFCCARTESIANPOINTLIST3D(((0.,0.,0.),(0.60000002384185791,0.,0.),(0.60000002384185791,0.,0.89999997615814209),(0.,0.,0.89999997615814209)));
#5059=IFCINDEXEDPOLYCURVE(#5058,(IFCLINEINDEX((1,2,3,4,1))),$);
#5060=IFCSHAPEREPRESENTATION(#18,'Profile','Curve3D',(#5059));
#5061=IFCCARTESIANPOINT((0.,0.,0.));
#5062=IFCDIRECTION((1.,0.,0.));
#5063=IFCDIRECTION((0.,0.,1.));
#5064=IFCAXIS2PLACEMENT3D(#5061,#5063,#5062);
#5065=IFCREPRESENTATIONMAP(#5064,#5060);
#5066=IFCCARTESIANPOINTLIST2D(((0.,0.),(0.60000002384185791,0.),(0.60000002384185791,0.89999997615814209),(0.,0.89999997615814209)));
#5067=IFCINDEXEDPOLYCURVE(#5066,(IFCLINEINDEX((1,2,3,4,1))),$);
#5068=IFCCARTESIANPOINTLIST2D(((0.02500000037252903,0.02500000037252903),(0.57500002346932888,0.02500000037252903),(0.57500002346932888,0.87499997578561306),(0.02500000037252903,0.87499997578561306)));
#5069=IFCINDEXEDPOLYCURVE(#5068,(IFCLINEINDEX((1,2,3,4,1))),$);
#5070=IFCARBITRARYPROFILEDEFWITHVOIDS(.AREA.,$,#5067,(#5069));
#5071=IFCCARTESIANPOINT((0.,0.090000001713633537,0.));
#5072=IFCDIRECTION((0.,-1.,0.));
#5073=IFCDIRECTION((1.,0.,0.));
#5074=IFCAXIS2PLACEMENT3D(#5071,#5072,#5073);
#5075=IFCDIRECTION((0.,0.,-1.));
#5076=IFCEXTRUDEDAREASOLID(#5070,#5074,#5075,0.0099999997764825821);
#5077=IFCCARTESIANPOINTLIST2D(((0.,0.),(0.60000002384185791,0.),(0.60000002384185791,0.89999997615814209),(0.,0.89999997615814209)));
#5078=IFCINDEXEDPOLYCURVE(#5077,(IFCLINEINDEX((1,2,3,4,1))),$);
#5079=IFCCARTESIANPOINTLIST2D(((0.05000000074505806,0.05000000074505806),(0.55000002309679985,0.05000000074505806),(0.55000002309679985,0.84999997541308403),(0.05000000074505806,0.84999997541308403)));
#5080=IFCINDEXEDPOLYCURVE(#5079,(IFCLINEINDEX((1,2,3,4,1))),$);
#5081=IFCARBITRARYPROFILEDEFWITHVOIDS(.AREA.,$,#5078,(#5080));
#5082=IFCCARTESIANPOINT((0.,0.05000000074505806,0.));
#5083=IFCDIRECTION((0.,-1.,0.));
#5084=IFCDIRECTION((1.,0.,0.));
#5085=IFCAXIS2PLACEMENT3D(#5082,#5083,#5084);
#5086=IFCDIRECTION((0.,0.,-1.));
#5087=IFCEXTRUDEDAREASOLID(#5081,#5085,#5086,0.040000000968575478);
#5088=IFCCARTESIANPOINTLIST2D(((0.,0.),(0.55000002309679985,0.),(0.55000002309679985,0.84999997541308403),(0.,0.84999997541308403)));
#5089=IFCINDEXEDPOLYCURVE(#5088,(IFCLINEINDEX((1,2,3,4,1))),$);
#5090=IFCCARTESIANPOINTLIST2D(((0.035000000149011612,0.035000000149011612),(0.51500002294778824,0.035000000149011612),(0.51500002294778824,0.81499997526407242),(0.035000000149011612,0.81499997526407242)));
#5091=IFCINDEXEDPOLYCURVE(#5090,(IFCLINEINDEX((1,2,3,4,1))),$);
#5092=IFCARBITRARYPROFILEDEFWITHVOIDS(.AREA.,$,#5089,(#5091));
#5093=IFCCARTESIANPOINT((0.02500000037252903,0.090000001713633537,0.02500000037252903));
#5094=IFCDIRECTION((0.,-1.,0.));
#5095=IFCDIRECTION((1.,0.,0.));
#5096=IFCAXIS2PLACEMENT3D(#5093,#5094,#5095);
#5097=IFCDIRECTION((0.,0.,-1.));
#5098=IFCEXTRUDEDAREASOLID(#5092,#5096,#5097,0.035000000149011612);
#5099=IFCINDEXEDPOLYCURVE(#5100,(IFCLINEINDEX((1,2,3,4,1))),$);
#5100=IFCCARTESIANPOINTLIST2D(((0.035000000149011612,0.035000000149011612),(0.51500002294778824,0.035000000149011612),(0.51500002294778824,0.81499997526407242),(0.035000000149011612,0.81499997526407242)));
#5101=IFCARBITRARYCLOSEDPROFILEDEF(.AREA.,$,#5099);
#5102=IFCCARTESIANPOINT((0.02500000037252903,0.10250000178813934,0.02500000037252903));
#5103=IFCDIRECTION((0.,-1.,0.));
#5104=IFCDIRECTION((1.,0.,0.));
#5105=IFCAXIS2PLACEMENT3D(#5102,#5103,#5104);
#5106=IFCDIRECTION((0.,0.,-1.));
#5107=IFCEXTRUDEDAREASOLID(#5101,#5105,#5106,0.01);
#5108=IFCSHAPEREPRESENTATION(#11,'Body','SweptSolid',(#5076,#5087,#5098,#5107));
#5109=IFCCARTESIANPOINT((0.,0.,0.));
#5110=IFCDIRECTION((1.,0.,0.));
#5111=IFCDIRECTION((0.,0.,1.));
#5112=IFCAXIS2PLACEMENT3D(#5109,#5111,#5110);
#5113=IFCREPRESENTATIONMAP(#5112,#5108);
#5114=IFCCARTESIANPOINTLIST2D(((0.05000000074505806,0.05000000074505806),(0.55000002309679985,0.05000000074505806)));
#5115=IFCINDEXEDPOLYCURVE(#5114,$,$);
#5116=IFCCARTESIANPOINTLIST2D(((0.,0.10000000149011612),(0.02500000037252903,0.10000000149011612),(0.02500000037252903,0.090000001713633537),(0.05000000074505806,0.090000001713633537),(0.05000000074505806,0.05000000074505806),(0.,0.05000000074505806)));
#5117=IFCINDEXEDPOLYCURVE(#5116,(IFCLINEINDEX((1,2,3,4,5,6,1))),$);
#5118=IFCCARTESIANPOINTLIST2D(((0.60000002384185791,0.10000000149011612),(0.57500002346932888,0.10000000149011612),(0.57500002346932888,0.090000001713633537),(0.55000002309679985,0.090000001713633537),(0.55000002309679985,0.05000000074505806),(0.60000002384185791,0.05000000074505806)));
#5119=IFCINDEXEDPOLYCURVE(#5118,(IFCLINEINDEX((1,2,3,4,5,6,1))),$);
#5120=IFCCARTESIANPOINTLIST2D(((0.02500000037252903,0.090000001713633537),(0.060000000521540642,0.090000001713633537),(0.060000000521540642,0.12500000186264515),(0.02500000037252903,0.12500000186264515)));
#5121=IFCINDEXEDPOLYCURVE(#5120,(IFCLINEINDEX((1,2,3,4,1))),$);
#5122=IFCINDEXEDPOLYCURVE(#5123,(IFCLINEINDEX((1,2,3,4,1))),$);
#5123=IFCCARTESIANPOINTLIST2D(((0.57500002346932888,0.090000001713633537),(0.54000002332031727,0.090000001713633537),(0.54000002332031727,0.12500000186264515),(0.57500002346932888,0.12500000186264515)));
#5124=IFCCARTESIANPOINTLIST2D(((0.060000000521540642,0.090000001713633537),(0.54000002332031727,0.090000001713633537)));
#5125=IFCINDEXEDPOLYCURVE(#5124,$,$);
#5126=IFCINDEXEDPOLYCURVE(#5127,$,$);
#5127=IFCCARTESIANPOINTLIST2D(((0.060000000521540642,0.12500000186264515),(0.54000002332031727,0.12500000186264515)));
#5128=IFCINDEXEDPOLYCURVE(#5129,$,$);
#5129=IFCCARTESIANPOINTLIST2D(((0.060000000521540642,0.10750000178813934),(0.54000002332031727,0.10750000178813934)));
#5130=IFCSHAPEREPRESENTATION(#24,'Body','Curve2D',(#5115,#5117,#5119,#5121,#5122,#5125,#5126,#5128));
#5131=IFCCARTESIANPOINT((0.,0.,0.));
#5132=IFCDIRECTION((1.,0.,0.));
#5133=IFCDIRECTION((0.,0.,1.));
#5134=IFCAXIS2PLACEMENT3D(#5131,#5133,#5132);
#5135=IFCREPRESENTATIONMAP(#5134,#5130);
#5136=IFCWINDOW('3h2luumW92ug6JAo7VcWq9',$,'Window',$,$,#7369,#5145,$,0.89999997615814209,0.60000002384185791,$,$,$);
#5137=IFCRELDEFINESBYTYPE('2$fKAwgTz2ygujxZ77VmS3',$,$,$,(#5136),#5055);
#5138=IFCCARTESIANPOINT((0.,0.,0.));
#5139=IFCDIRECTION((1.,0.,0.));
#5140=IFCDIRECTION((0.,1.,0.));
#5141=IFCDIRECTION((0.,0.,1.));
#5142=IFCCARTESIANTRANSFORMATIONOPERATOR3D(#5139,#5140,#5138,1.,#5141);
#5143=IFCMAPPEDITEM(#5065,#5142);
#5144=IFCSHAPEREPRESENTATION(#18,'Profile','MappedRepresentation',(#5143));
#5145=IFCPRODUCTDEFINITIONSHAPE($,$,(#5144,#5152,#5159));
#5146=IFCCARTESIANPOINT((0.,0.,0.));
#5147=IFCDIRECTION((1.,0.,0.));
#5148=IFCDIRECTION((0.,1.,0.));
#5149=IFCDIRECTION((0.,0.,1.));
#5150=IFCCARTESIANTRANSFORMATIONOPERATOR3D(#5147,#5148,#5146,1.,#5149);
#5151=IFCMAPPEDITEM(#5113,#5150);
#5152=IFCSHAPEREPRESENTATION(#11,'Body','MappedRepresentation',(#5151));
#5153=IFCCARTESIANPOINT((0.,0.,0.));
#5154=IFCDIRECTION((1.,0.,0.));
#5155=IFCDIRECTION((0.,1.,0.));
#5156=IFCDIRECTION((0.,0.,1.));
#5157=IFCCARTESIANTRANSFORMATIONOPERATOR3D(#5154,#5155,#5153,1.,#5156);
#5158=IFCMAPPEDITEM(#5135,#5157);
#5159=IFCSHAPEREPRESENTATION(#24,'Body','MappedRepresentation',(#5158));
#5190=IFCWINDOWTYPE('1tLsOkQVz4CeCOkUQaYuo9',$,'Bedroom M&1 Window',$,$,(#5191),(#5200,#5248,#5270),$,$,.WINDOW.,.SINGLE_PANEL.,$,$);
#5191=IFCPROPERTYSET('2MnSROhUz3S9LUQbnJ5IY7',$,'BBIM_Window',$,(#5192));
#5192=IFCPROPERTYSINGLEVALUE('Data',$,IFCTEXT('{"window_type": "SINGLE_PANEL", "overall_height": 0.8999999761581421, "overall_width": 0.6000000238418579, "lining_properties": {"lining_depth": 0.05000000074505806, "lining_thickness": 0.05000000074505806, "lining_offset": 0.05000000074505806, "lining_to_panel_offset_x": 0.02500000037252903, "lining_to_panel_offset_y": 0.02500000037252903}, "panel_properties": {"frame_depth": [0.03500000014901161, 0.03500000014901161, 0.03500000014901161], "frame_thickness": [0.03500000014901161, 0.03500000014901161, 0.03500000014901161]}}'),$);
#5193=IFCCARTESIANPOINTLIST3D(((0.,0.,0.),(0.60000002384185791,0.,0.),(0.60000002384185791,0.,0.89999997615814209),(0.,0.,0.89999997615814209)));
#5194=IFCINDEXEDPOLYCURVE(#5193,(IFCLINEINDEX((1,2,3,4,1))),$);
#5195=IFCSHAPEREPRESENTATION(#18,'Profile','Curve3D',(#5194));
#5196=IFCCARTESIANPOINT((0.,0.,0.));
#5197=IFCDIRECTION((1.,0.,0.));
#5198=IFCDIRECTION((0.,0.,1.));
#5199=IFCAXIS2PLACEMENT3D(#5196,#5198,#5197);
#5200=IFCREPRESENTATIONMAP(#5199,#5195);
#5201=IFCCARTESIANPOINTLIST2D(((0.,0.),(0.60000002384185791,0.),(0.60000002384185791,0.89999997615814209),(0.,0.89999997615814209)));
#5202=IFCINDEXEDPOLYCURVE(#5201,(IFCLINEINDEX((1,2,3,4,1))),$);
#5203=IFCCARTESIANPOINTLIST2D(((0.02500000037252903,0.02500000037252903),(0.57500002346932888,0.02500000037252903),(0.57500002346932888,0.87499997578561306),(0.02500000037252903,0.87499997578561306)));
#5204=IFCINDEXEDPOLYCURVE(#5203,(IFCLINEINDEX((1,2,3,4,1))),$);
#5205=IFCARBITRARYPROFILEDEFWITHVOIDS(.AREA.,$,#5202,(#5204));
#5206=IFCCARTESIANPOINT((0.,0.090000001713633537,0.));
#5207=IFCDIRECTION((0.,-1.,0.));
#5208=IFCDIRECTION((1.,0.,0.));
#5209=IFCAXIS2PLACEMENT3D(#5206,#5207,#5208);
#5210=IFCDIRECTION((0.,0.,-1.));
#5211=IFCEXTRUDEDAREASOLID(#5205,#5209,#5210,0.0099999997764825821);
#5212=IFCCARTESIANPOINTLIST2D(((0.,0.),(0.60000002384185791,0.),(0.60000002384185791,0.89999997615814209),(0.,0.89999997615814209)));
#5213=IFCINDEXEDPOLYCURVE(#5212,(IFCLINEINDEX((1,2,3,4,1))),$);
#5214=IFCCARTESIANPOINTLIST2D(((0.05000000074505806,0.05000000074505806),(0.55000002309679985,0.05000000074505806),(0.55000002309679985,0.84999997541308403),(0.05000000074505806,0.84999997541308403)));
#5215=IFCINDEXEDPOLYCURVE(#5214,(IFCLINEINDEX((1,2,3,4,1))),$);
#5216=IFCARBITRARYPROFILEDEFWITHVOIDS(.AREA.,$,#5213,(#5215));
#5217=IFCCARTESIANPOINT((0.,0.05000000074505806,0.));
#5218=IFCDIRECTION((0.,-1.,0.));
#5219=IFCDIRECTION((1.,0.,0.));
#5220=IFCAXIS2PLACEMENT3D(#5217,#5218,#5219);
#5221=IFCDIRECTION((0.,0.,-1.));
#5222=IFCEXTRUDEDAREASOLID(#5216,#5220,#5221,0.040000000968575478);
#5223=IFCCARTESIANPOINTLIST2D(((0.,0.),(0.55000002309679985,0.),(0.55000002309679985,0.84999997541308403),(0.,0.84999997541308403)));
#5224=IFCINDEXEDPOLYCURVE(#5223,(IFCLINEINDEX((1,2,3,4,1))),$);
#5225=IFCCARTESIANPOINTLIST2D(((0.035000000149011612,0.035000000149011612),(0.51500002294778824,0.035000000149011612),(0.51500002294778824,0.81499997526407242),(0.035000000149011612,0.81499997526407242)));
#5226=IFCINDEXEDPOLYCURVE(#5225,(IFCLINEINDEX((1,2,3,4,1))),$);
#5227=IFCARBITRARYPROFILEDEFWITHVOIDS(.AREA.,$,#5224,(#5226));
#5228=IFCCARTESIANPOINT((0.02500000037252903,0.090000001713633537,0.02500000037252903));
#5229=IFCDIRECTION((0.,-1.,0.));
#5230=IFCDIRECTION((1.,0.,0.));
#5231=IFCAXIS2PLACEMENT3D(#5228,#5229,#5230);
#5232=IFCDIRECTION((0.,0.,-1.));
#5233=IFCEXTRUDEDAREASOLID(#5227,#5231,#5232,0.035000000149011612);
#5234=IFCINDEXEDPOLYCURVE(#5235,(IFCLINEINDEX((1,2,3,4,1))),$);
#5235=IFCCARTESIANPOINTLIST2D(((0.035000000149011612,0.035000000149011612),(0.51500002294778824,0.035000000149011612),(0.51500002294778824,0.81499997526407242),(0.035000000149011612,0.81499997526407242)));
#5236=IFCARBITRARYCLOSEDPROFILEDEF(.AREA.,$,#5234);
#5237=IFCCARTESIANPOINT((0.02500000037252903,0.10250000178813934,0.02500000037252903));
#5238=IFCDIRECTION((0.,-1.,0.));
#5239=IFCDIRECTION((1.,0.,0.));
#5240=IFCAXIS2PLACEMENT3D(#5237,#5238,#5239);
#5241=IFCDIRECTION((0.,0.,-1.));
#5242=IFCEXTRUDEDAREASOLID(#5236,#5240,#5241,0.01);
#5243=IFCSHAPEREPRESENTATION(#11,'Body','SweptSolid',(#5211,#5222,#5233,#5242));
#5244=IFCCARTESIANPOINT((0.,0.,0.));
#5245=IFCDIRECTION((1.,0.,0.));
#5246=IFCDIRECTION((0.,0.,1.));
#5247=IFCAXIS2PLACEMENT3D(#5244,#5246,#5245);
#5248=IFCREPRESENTATIONMAP(#5247,#5243);
#5249=IFCCARTESIANPOINTLIST2D(((0.05000000074505806,0.05000000074505806),(0.55000002309679985,0.05000000074505806)));
#5250=IFCINDEXEDPOLYCURVE(#5249,$,$);
#5251=IFCCARTESIANPOINTLIST2D(((0.,0.10000000149011612),(0.02500000037252903,0.10000000149011612),(0.02500000037252903,0.090000001713633537),(0.05000000074505806,0.090000001713633537),(0.05000000074505806,0.05000000074505806),(0.,0.05000000074505806)));
#5252=IFCINDEXEDPOLYCURVE(#5251,(IFCLINEINDEX((1,2,3,4,5,6,1))),$);
#5253=IFCCARTESIANPOINTLIST2D(((0.60000002384185791,0.10000000149011612),(0.57500002346932888,0.10000000149011612),(0.57500002346932888,0.090000001713633537),(0.55000002309679985,0.090000001713633537),(0.55000002309679985,0.05000000074505806),(0.60000002384185791,0.05000000074505806)));
#5254=IFCINDEXEDPOLYCURVE(#5253,(IFCLINEINDEX((1,2,3,4,5,6,1))),$);
#5255=IFCCARTESIANPOINTLIST2D(((0.02500000037252903,0.090000001713633537),(0.060000000521540642,0.090000001713633537),(0.060000000521540642,0.12500000186264515),(0.02500000037252903,0.12500000186264515)));
#5256=IFCINDEXEDPOLYCURVE(#5255,(IFCLINEINDEX((1,2,3,4,1))),$);
#5257=IFCINDEXEDPOLYCURVE(#5258,(IFCLINEINDEX((1,2,3,4,1))),$);
#5258=IFCCARTESIANPOINTLIST2D(((0.57500002346932888,0.090000001713633537),(0.54000002332031727,0.090000001713633537),(0.54000002332031727,0.12500000186264515),(0.57500002346932888,0.12500000186264515)));
#5259=IFCCARTESIANPOINTLIST2D(((0.060000000521540642,0.090000001713633537),(0.54000002332031727,0.090000001713633537)));
#5260=IFCINDEXEDPOLYCURVE(#5259,$,$);
#5261=IFCINDEXEDPOLYCURVE(#5262,$,$);
#5262=IFCCARTESIANPOINTLIST2D(((0.060000000521540642,0.12500000186264515),(0.54000002332031727,0.12500000186264515)));
#5263=IFCINDEXEDPOLYCURVE(#5264,$,$);
#5264=IFCCARTESIANPOINTLIST2D(((0.060000000521540642,0.10750000178813934),(0.54000002332031727,0.10750000178813934)));
#5265=IFCSHAPEREPRESENTATION(#24,'Body','Curve2D',(#5250,#5252,#5254,#5256,#5257,#5260,#5261,#5263));
#5266=IFCCARTESIANPOINT((0.,0.,0.));
#5267=IFCDIRECTION((1.,0.,0.));
#5268=IFCDIRECTION((0.,0.,1.));
#5269=IFCAXIS2PLACEMENT3D(#5266,#5268,#5267);
#5270=IFCREPRESENTATIONMAP(#5269,#5265);
#5271=IFCWINDOW('0lfYqzSpfC$QhakYrmA1mT',$,'Window',$,$,#7374,#5280,$,0.89999997615814209,0.60000002384185791,$,$,$);
#5272=IFCRELDEFINESBYTYPE('14ACWvI_51B8_e5SgIlKav',$,$,$,(#5271),#5190);
#5273=IFCCARTESIANPOINT((0.,0.,0.));
#5274=IFCDIRECTION((1.,0.,0.));
#5275=IFCDIRECTION((0.,1.,0.));
#5276=IFCDIRECTION((0.,0.,1.));
#5277=IFCCARTESIANTRANSFORMATIONOPERATOR3D(#5274,#5275,#5273,1.,#5276);
#5278=IFCMAPPEDITEM(#5200,#5277);
#5279=IFCSHAPEREPRESENTATION(#18,'Profile','MappedRepresentation',(#5278));
#5280=IFCPRODUCTDEFINITIONSHAPE($,$,(#5279,#5287,#5294));
#5281=IFCCARTESIANPOINT((0.,0.,0.));
#5282=IFCDIRECTION((1.,0.,0.));
#5283=IFCDIRECTION((0.,1.,0.));
#5284=IFCDIRECTION((0.,0.,1.));
#5285=IFCCARTESIANTRANSFORMATIONOPERATOR3D(#5282,#5283,#5281,1.,#5284);
#5286=IFCMAPPEDITEM(#5248,#5285);
#5287=IFCSHAPEREPRESENTATION(#11,'Body','MappedRepresentation',(#5286));
#5288=IFCCARTESIANPOINT((0.,0.,0.));
#5289=IFCDIRECTION((1.,0.,0.));
#5290=IFCDIRECTION((0.,1.,0.));
#5291=IFCDIRECTION((0.,0.,1.));
#5292=IFCCARTESIANTRANSFORMATIONOPERATOR3D(#5289,#5290,#5288,1.,#5291);
#5293=IFCMAPPEDITEM(#5270,#5292);
#5294=IFCSHAPEREPRESENTATION(#24,'Body','MappedRepresentation',(#5293));
#5328=IFCWINDOWTYPE('1hXuEEQ69Bk8QDZ2A8ItbM',$,'Bedroom 1A Window',$,$,(#5329),(#5338,#5386,#5408),$,$,.WINDOW.,.SINGLE_PANEL.,$,$);
#5329=IFCPROPERTYSET('31Q0bI4MP2gPkV2f8YbTZg',$,'BBIM_Window',$,(#5330));
#5330=IFCPROPERTYSINGLEVALUE('Data',$,IFCTEXT('{"window_type": "SINGLE_PANEL", "overall_height": 0.8999999761581421, "overall_width": 1.2000000476837158, "lining_properties": {"lining_depth": 0.15000000596046448, "lining_thickness": 0.05000000074505806, "lining_offset": 0.05000000074505806, "lining_to_panel_offset_x": 0.02500000037252903, "lining_to_panel_offset_y": 0.02500000037252903}, "panel_properties": {"frame_depth": [0.03500000014901161, 0.03500000014901161, 0.03500000014901161], "frame_thickness": [0.03500000014901161, 0.03500000014901161, 0.03500000014901161]}}'),$);
#5334=IFCCARTESIANPOINT((0.,0.,0.));
#5335=IFCDIRECTION((1.,0.,0.));
#5336=IFCDIRECTION((0.,0.,1.));
#5337=IFCAXIS2PLACEMENT3D(#5334,#5336,#5335);
#5338=IFCREPRESENTATIONMAP(#5337,#5440);
#5382=IFCCARTESIANPOINT((0.,0.,0.));
#5383=IFCDIRECTION((1.,0.,0.));
#5384=IFCDIRECTION((0.,0.,1.));
#5385=IFCAXIS2PLACEMENT3D(#5382,#5384,#5383);
#5386=IFCREPRESENTATIONMAP(#5385,#5483);
#5404=IFCCARTESIANPOINT((0.,0.,0.));
#5405=IFCDIRECTION((1.,0.,0.));
#5406=IFCDIRECTION((0.,0.,1.));
#5407=IFCAXIS2PLACEMENT3D(#5404,#5406,#5405);
#5408=IFCREPRESENTATIONMAP(#5407,#5506);
#5409=IFCWINDOW('3YSY0i$A597fTbL13uAswr',$,'Window.009',$,$,#7379,#5418,$,0.89999997615814209,1.2000000476837158,$,.SINGLE_PANEL.,$);
#5410=IFCRELDEFINESBYTYPE('1pl3YA$pvCnOLQ2kOmH$en',$,$,$,(#5409),#5328);
#5411=IFCCARTESIANPOINT((0.,0.,0.));
#5412=IFCDIRECTION((1.,0.,0.));
#5413=IFCDIRECTION((0.,1.,0.));
#5414=IFCDIRECTION((0.,0.,1.));
#5415=IFCCARTESIANTRANSFORMATIONOPERATOR3D(#5412,#5413,#5411,1.,#5414);
#5416=IFCMAPPEDITEM(#5338,#5415);
#5417=IFCSHAPEREPRESENTATION(#18,'Profile','MappedRepresentation',(#5416));
#5418=IFCPRODUCTDEFINITIONSHAPE($,$,(#5417,#5425,#5432));
#5419=IFCCARTESIANPOINT((0.,0.,0.));
#5420=IFCDIRECTION((1.,0.,0.));
#5421=IFCDIRECTION((0.,1.,0.));
#5422=IFCDIRECTION((0.,0.,1.));
#5423=IFCCARTESIANTRANSFORMATIONOPERATOR3D(#5420,#5421,#5419,1.,#5422);
#5424=IFCMAPPEDITEM(#5386,#5423);
#5425=IFCSHAPEREPRESENTATION(#11,'Body','MappedRepresentation',(#5424));
#5426=IFCCARTESIANPOINT((0.,0.,0.));
#5427=IFCDIRECTION((1.,0.,0.));
#5428=IFCDIRECTION((0.,1.,0.));
#5429=IFCDIRECTION((0.,0.,1.));
#5430=IFCCARTESIANTRANSFORMATIONOPERATOR3D(#5427,#5428,#5426,1.,#5429);
#5431=IFCMAPPEDITEM(#5408,#5430);
#5432=IFCSHAPEREPRESENTATION(#24,'Body','MappedRepresentation',(#5431));
#5438=IFCCARTESIANPOINTLIST3D(((0.,0.,0.),(1.2000000476837158,0.,0.),(1.2000000476837158,0.,0.89999997615814209),(0.,0.,0.89999997615814209)));
#5439=IFCINDEXEDPOLYCURVE(#5438,(IFCLINEINDEX((1,2,3,4,1))),$);
#5440=IFCSHAPEREPRESENTATION(#18,'Profile','Curve3D',(#5439));
#5441=IFCCARTESIANPOINTLIST2D(((0.,0.),(1.2000000476837158,0.),(1.2000000476837158,0.89999997615814209),(0.,0.89999997615814209)));
#5442=IFCINDEXEDPOLYCURVE(#5441,(IFCLINEINDEX((1,2,3,4,1))),$);
#5443=IFCCARTESIANPOINTLIST2D(((0.02500000037252903,0.02500000037252903),(1.1750000473111868,0.02500000037252903),(1.1750000473111868,0.87499997578561306),(0.02500000037252903,0.87499997578561306)));
#5444=IFCINDEXEDPOLYCURVE(#5443,(IFCLINEINDEX((1,2,3,4,1))),$);
#5445=IFCARBITRARYPROFILEDEFWITHVOIDS(.AREA.,$,#5442,(#5444));
#5446=IFCCARTESIANPOINT((0.,0.19000000692903996,0.));
#5447=IFCDIRECTION((0.,-1.,0.));
#5448=IFCDIRECTION((1.,0.,0.));
#5449=IFCAXIS2PLACEMENT3D(#5446,#5447,#5448);
#5450=IFCDIRECTION((0.,0.,-1.));
#5451=IFCEXTRUDEDAREASOLID(#5445,#5449,#5450,0.0099999997764825821);
#5452=IFCCARTESIANPOINTLIST2D(((0.,0.),(1.2000000476837158,0.),(1.2000000476837158,0.89999997615814209),(0.,0.89999997615814209)));
#5453=IFCINDEXEDPOLYCURVE(#5452,(IFCLINEINDEX((1,2,3,4,1))),$);
#5454=IFCCARTESIANPOINTLIST2D(((0.05000000074505806,0.05000000074505806),(1.1500000469386578,0.05000000074505806),(1.1500000469386578,0.84999997541308403),(0.05000000074505806,0.84999997541308403)));
#5455=IFCINDEXEDPOLYCURVE(#5454,(IFCLINEINDEX((1,2,3,4,1))),$);
#5456=IFCARBITRARYPROFILEDEFWITHVOIDS(.AREA.,$,#5453,(#5455));
#5457=IFCCARTESIANPOINT((0.,0.05000000074505806,0.));
#5458=IFCDIRECTION((0.,-1.,0.));
#5459=IFCDIRECTION((1.,0.,0.));
#5460=IFCAXIS2PLACEMENT3D(#5457,#5458,#5459);
#5461=IFCDIRECTION((0.,0.,-1.));
#5462=IFCEXTRUDEDAREASOLID(#5456,#5460,#5461,0.1400000061839819);
#5463=IFCCARTESIANPOINTLIST2D(((0.,0.),(1.1500000469386578,0.),(1.1500000469386578,0.84999997541308403),(0.,0.84999997541308403)));
#5464=IFCINDEXEDPOLYCURVE(#5463,(IFCLINEINDEX((1,2,3,4,1))),$);
#5465=IFCCARTESIANPOINTLIST2D(((0.035000000149011612,0.035000000149011612),(1.1150000467896461,0.035000000149011612),(1.1150000467896461,0.81499997526407242),(0.035000000149011612,0.81499997526407242)));
#5466=IFCINDEXEDPOLYCURVE(#5465,(IFCLINEINDEX((1,2,3,4,1))),$);
#5467=IFCARBITRARYPROFILEDEFWITHVOIDS(.AREA.,$,#5464,(#5466));
#5468=IFCCARTESIANPOINT((0.02500000037252903,0.19000000692903996,0.02500000037252903));
#5469=IFCDIRECTION((0.,-1.,0.));
#5470=IFCDIRECTION((1.,0.,0.));
#5471=IFCAXIS2PLACEMENT3D(#5468,#5469,#5470);
#5472=IFCDIRECTION((0.,0.,-1.));
#5473=IFCEXTRUDEDAREASOLID(#5467,#5471,#5472,0.035000000149011612);
#5474=IFCINDEXEDPOLYCURVE(#5475,(IFCLINEINDEX((1,2,3,4,1))),$);
#5475=IFCCARTESIANPOINTLIST2D(((0.035000000149011612,0.035000000149011612),(1.1150000467896461,0.035000000149011612),(1.1150000467896461,0.81499997526407242),(0.035000000149011612,0.81499997526407242)));
#5476=IFCARBITRARYCLOSEDPROFILEDEF(.AREA.,$,#5474);
#5477=IFCCARTESIANPOINT((0.02500000037252903,0.20250000700354576,0.02500000037252903));
#5478=IFCDIRECTION((0.,-1.,0.));
#5479=IFCDIRECTION((1.,0.,0.));
#5480=IFCAXIS2PLACEMENT3D(#5477,#5478,#5479);
#5481=IFCDIRECTION((0.,0.,-1.));
#5482=IFCEXTRUDEDAREASOLID(#5476,#5480,#5481,0.01);
#5483=IFCSHAPEREPRESENTATION(#11,'Body','SweptSolid',(#5451,#5462,#5473,#5482));
#5484=IFCSHAPEREPRESENTATION(#11,'Body','SweptSolid',(#5451,#5462));
#5485=IFCSHAPEASPECT((#5484),'Lining',$,.T.,#5418);
#5486=IFCSHAPEREPRESENTATION(#11,'Body','SweptSolid',(#5473));
#5487=IFCSHAPEASPECT((#5486),'Framing',$,.T.,#5418);
#5488=IFCSHAPEREPRESENTATION(#11,'Body','SweptSolid',(#5482));
#5489=IFCSHAPEASPECT((#5488),'Glazing',$,.T.,#5418);
#5490=IFCCARTESIANPOINTLIST2D(((0.05000000074505806,0.05000000074505806),(1.1500000469386578,0.05000000074505806)));
#5491=IFCINDEXEDPOLYCURVE(#5490,$,$);
#5492=IFCCARTESIANPOINTLIST2D(((0.,0.20000000670552254),(0.02500000037252903,0.20000000670552254),(0.02500000037252903,0.19000000692903996),(0.05000000074505806,0.19000000692903996),(0.05000000074505806,0.05000000074505806),(0.,0.05000000074505806)));
#5493=IFCINDEXEDPOLYCURVE(#5492,(IFCLINEINDEX((1,2,3,4,5,6,1))),$);
#5494=IFCCARTESIANPOINTLIST2D(((1.2000000476837158,0.20000000670552254),(1.1750000473111868,0.20000000670552254),(1.1750000473111868,0.19000000692903996),(1.1500000469386578,0.19000000692903996),(1.1500000469386578,0.05000000074505806),(1.2000000476837158,0.05000000074505806)));
#5495=IFCINDEXEDPOLYCURVE(#5494,(IFCLINEINDEX((1,2,3,4,5,6,1))),$);
#5496=IFCCARTESIANPOINTLIST2D(((0.02500000037252903,0.19000000692903996),(0.060000000521540642,0.19000000692903996),(0.060000000521540642,0.22500000707805157),(0.02500000037252903,0.22500000707805157)));
#5497=IFCINDEXEDPOLYCURVE(#5496,(IFCLINEINDEX((1,2,3,4,1))),$);
#5498=IFCINDEXEDPOLYCURVE(#5499,(IFCLINEINDEX((1,2,3,4,1))),$);
#5499=IFCCARTESIANPOINTLIST2D(((1.1750000473111868,0.19000000692903996),(1.1400000471621752,0.19000000692903996),(1.1400000471621752,0.22500000707805157),(1.1750000473111868,0.22500000707805157)));
#5500=IFCCARTESIANPOINTLIST2D(((0.060000000521540642,0.19000000692903996),(1.1400000471621752,0.19000000692903996)));
#5501=IFCINDEXEDPOLYCURVE(#5500,$,$);
#5502=IFCINDEXEDPOLYCURVE(#5503,$,$);
#5503=IFCCARTESIANPOINTLIST2D(((0.060000000521540642,0.22500000707805157),(1.1400000471621752,0.22500000707805157)));
#5504=IFCINDEXEDPOLYCURVE(#5505,$,$);
#5505=IFCCARTESIANPOINTLIST2D(((0.060000000521540642,0.20750000700354576),(1.1400000471621752,0.20750000700354576)));
#5506=IFCSHAPEREPRESENTATION(#24,'Body','Curve2D',(#5491,#5493,#5495,#5497,#5498,#5501,#5502,#5504));
#5507=IFCWINDOWTYPE('199xvYfqz47AtKaYM_2upL',$,'Bathroom 2F Window',$,$,(#5508),(#5517,#5565,#5587),$,$,.WINDOW.,.SINGLE_PANEL.,$,$);
#5508=IFCPROPERTYSET('3LIOcFWK1DPu7yltzRhm2L',$,'BBIM_Window',$,(#5509));
#5509=IFCPROPERTYSINGLEVALUE('Data',$,IFCTEXT('{"window_type": "SINGLE_PANEL", "overall_height": 0.8999999761581421, "overall_width": 0.6000000238418579, "lining_properties": {"lining_depth": 0.05000000074505806, "lining_thickness": 0.05000000074505806, "lining_offset": 0.05000000074505806, "lining_to_panel_offset_x": 0.02500000037252903, "lining_to_panel_offset_y": 0.02500000037252903}, "panel_properties": {"frame_depth": [0.03500000014901161, 0.03500000014901161, 0.03500000014901161], "frame_thickness": [0.03500000014901161, 0.03500000014901161, 0.03500000014901161]}}'),$);
#5510=IFCCARTESIANPOINTLIST3D(((0.,0.,0.),(0.60000002384185791,0.,0.),(0.60000002384185791,0.,0.89999997615814209),(0.,0.,0.89999997615814209)));
#5511=IFCINDEXEDPOLYCURVE(#5510,(IFCLINEINDEX((1,2,3,4,1))),$);
#5512=IFCSHAPEREPRESENTATION(#18,'Profile','Curve3D',(#5511));
#5513=IFCCARTESIANPOINT((0.,0.,0.));
#5514=IFCDIRECTION((1.,0.,0.));
#5515=IFCDIRECTION((0.,0.,1.));
#5516=IFCAXIS2PLACEMENT3D(#5513,#5515,#5514);
#5517=IFCREPRESENTATIONMAP(#5516,#5512);
#5518=IFCCARTESIANPOINTLIST2D(((0.,0.),(0.60000002384185791,0.),(0.60000002384185791,0.89999997615814209),(0.,0.89999997615814209)));
#5519=IFCINDEXEDPOLYCURVE(#5518,(IFCLINEINDEX((1,2,3,4,1))),$);
#5520=IFCCARTESIANPOINTLIST2D(((0.02500000037252903,0.02500000037252903),(0.57500002346932888,0.02500000037252903),(0.57500002346932888,0.87499997578561306),(0.02500000037252903,0.87499997578561306)));
#5521=IFCINDEXEDPOLYCURVE(#5520,(IFCLINEINDEX((1,2,3,4,1))),$);
#5522=IFCARBITRARYPROFILEDEFWITHVOIDS(.AREA.,$,#5519,(#5521));
#5523=IFCCARTESIANPOINT((0.,0.090000001713633537,0.));
#5524=IFCDIRECTION((0.,-1.,0.));
#5525=IFCDIRECTION((1.,0.,0.));
#5526=IFCAXIS2PLACEMENT3D(#5523,#5524,#5525);
#5527=IFCDIRECTION((0.,0.,-1.));
#5528=IFCEXTRUDEDAREASOLID(#5522,#5526,#5527,0.0099999997764825821);
#5529=IFCCARTESIANPOINTLIST2D(((0.,0.),(0.60000002384185791,0.),(0.60000002384185791,0.89999997615814209),(0.,0.89999997615814209)));
#5530=IFCINDEXEDPOLYCURVE(#5529,(IFCLINEINDEX((1,2,3,4,1))),$);
#5531=IFCCARTESIANPOINTLIST2D(((0.05000000074505806,0.05000000074505806),(0.55000002309679985,0.05000000074505806),(0.55000002309679985,0.84999997541308403),(0.05000000074505806,0.84999997541308403)));
#5532=IFCINDEXEDPOLYCURVE(#5531,(IFCLINEINDEX((1,2,3,4,1))),$);
#5533=IFCARBITRARYPROFILEDEFWITHVOIDS(.AREA.,$,#5530,(#5532));
#5534=IFCCARTESIANPOINT((0.,0.05000000074505806,0.));
#5535=IFCDIRECTION((0.,-1.,0.));
#5536=IFCDIRECTION((1.,0.,0.));
#5537=IFCAXIS2PLACEMENT3D(#5534,#5535,#5536);
#5538=IFCDIRECTION((0.,0.,-1.));
#5539=IFCEXTRUDEDAREASOLID(#5533,#5537,#5538,0.040000000968575478);
#5540=IFCCARTESIANPOINTLIST2D(((0.,0.),(0.55000002309679985,0.),(0.55000002309679985,0.84999997541308403),(0.,0.84999997541308403)));
#5541=IFCINDEXEDPOLYCURVE(#5540,(IFCLINEINDEX((1,2,3,4,1))),$);
#5542=IFCCARTESIANPOINTLIST2D(((0.035000000149011612,0.035000000149011612),(0.51500002294778824,0.035000000149011612),(0.51500002294778824,0.81499997526407242),(0.035000000149011612,0.81499997526407242)));
#5543=IFCINDEXEDPOLYCURVE(#5542,(IFCLINEINDEX((1,2,3,4,1))),$);
#5544=IFCARBITRARYPROFILEDEFWITHVOIDS(.AREA.,$,#5541,(#5543));
#5545=IFCCARTESIANPOINT((0.02500000037252903,0.090000001713633537,0.02500000037252903));
#5546=IFCDIRECTION((0.,-1.,0.));
#5547=IFCDIRECTION((1.,0.,0.));
#5548=IFCAXIS2PLACEMENT3D(#5545,#5546,#5547);
#5549=IFCDIRECTION((0.,0.,-1.));
#5550=IFCEXTRUDEDAREASOLID(#5544,#5548,#5549,0.035000000149011612);
#5551=IFCINDEXEDPOLYCURVE(#5552,(IFCLINEINDEX((1,2,3,4,1))),$);
#5552=IFCCARTESIANPOINTLIST2D(((0.035000000149011612,0.035000000149011612),(0.51500002294778824,0.035000000149011612),(0.51500002294778824,0.81499997526407242),(0.035000000149011612,0.81499997526407242)));
#5553=IFCARBITRARYCLOSEDPROFILEDEF(.AREA.,$,#5551);
#5554=IFCCARTESIANPOINT((0.02500000037252903,0.10250000178813934,0.02500000037252903));
#5555=IFCDIRECTION((0.,-1.,0.));
#5556=IFCDIRECTION((1.,0.,0.));
#5557=IFCAXIS2PLACEMENT3D(#5554,#5555,#5556);
#5558=IFCDIRECTION((0.,0.,-1.));
#5559=IFCEXTRUDEDAREASOLID(#5553,#5557,#5558,0.01);
#5560=IFCSHAPEREPRESENTATION(#11,'Body','SweptSolid',(#5528,#5539,#5550,#5559));
#5561=IFCCARTESIANPOINT((0.,0.,0.));
#5562=IFCDIRECTION((1.,0.,0.));
#5563=IFCDIRECTION((0.,0.,1.));
#5564=IFCAXIS2PLACEMENT3D(#5561,#5563,#5562);
#5565=IFCREPRESENTATIONMAP(#5564,#5560);
#5566=IFCCARTESIANPOINTLIST2D(((0.05000000074505806,0.05000000074505806),(0.55000002309679985,0.05000000074505806)));
#5567=IFCINDEXEDPOLYCURVE(#5566,$,$);
#5568=IFCCARTESIANPOINTLIST2D(((0.,0.10000000149011612),(0.02500000037252903,0.10000000149011612),(0.02500000037252903,0.090000001713633537),(0.05000000074505806,0.090000001713633537),(0.05000000074505806,0.05000000074505806),(0.,0.05000000074505806)));
#5569=IFCINDEXEDPOLYCURVE(#5568,(IFCLINEINDEX((1,2,3,4,5,6,1))),$);
#5570=IFCCARTESIANPOINTLIST2D(((0.60000002384185791,0.10000000149011612),(0.57500002346932888,0.10000000149011612),(0.57500002346932888,0.090000001713633537),(0.55000002309679985,0.090000001713633537),(0.55000002309679985,0.05000000074505806),(0.60000002384185791,0.05000000074505806)));
#5571=IFCINDEXEDPOLYCURVE(#5570,(IFCLINEINDEX((1,2,3,4,5,6,1))),$);
#5572=IFCCARTESIANPOINTLIST2D(((0.02500000037252903,0.090000001713633537),(0.060000000521540642,0.090000001713633537),(0.060000000521540642,0.12500000186264515),(0.02500000037252903,0.12500000186264515)));
#5573=IFCINDEXEDPOLYCURVE(#5572,(IFCLINEINDEX((1,2,3,4,1))),$);
#5574=IFCINDEXEDPOLYCURVE(#5575,(IFCLINEINDEX((1,2,3,4,1))),$);
#5575=IFCCARTESIANPOINTLIST2D(((0.57500002346932888,0.090000001713633537),(0.54000002332031727,0.090000001713633537),(0.54000002332031727,0.12500000186264515),(0.57500002346932888,0.12500000186264515)));
#5576=IFCCARTESIANPOINTLIST2D(((0.060000000521540642,0.090000001713633537),(0.54000002332031727,0.090000001713633537)));
#5577=IFCINDEXEDPOLYCURVE(#5576,$,$);
#5578=IFCINDEXEDPOLYCURVE(#5579,$,$);
#5579=IFCCARTESIANPOINTLIST2D(((0.060000000521540642,0.12500000186264515),(0.54000002332031727,0.12500000186264515)));
#5580=IFCINDEXEDPOLYCURVE(#5581,$,$);
#5581=IFCCARTESIANPOINTLIST2D(((0.060000000521540642,0.10750000178813934),(0.54000002332031727,0.10750000178813934)));
#5582=IFCSHAPEREPRESENTATION(#24,'Body','Curve2D',(#5567,#5569,#5571,#5573,#5574,#5577,#5578,#5580));
#5583=IFCCARTESIANPOINT((0.,0.,0.));
#5584=IFCDIRECTION((1.,0.,0.));
#5585=IFCDIRECTION((0.,0.,1.));
#5586=IFCAXIS2PLACEMENT3D(#5583,#5585,#5584);
#5587=IFCREPRESENTATIONMAP(#5586,#5582);
#5588=IFCWINDOW('05kqUz1aH849mqDGWByYVq',$,'Window.010',$,$,#7384,#5597,$,0.89999997615814209,0.60000002384185791,$,$,$);
#5589=IFCRELDEFINESBYTYPE('2mtITyCqP2yAzoU9vEzz8Y',$,$,$,(#5588),#5507);
#5590=IFCCARTESIANPOINT((0.,0.,0.));
#5591=IFCDIRECTION((1.,0.,0.));
#5592=IFCDIRECTION((0.,1.,0.));
#5593=IFCDIRECTION((0.,0.,1.));
#5594=IFCCARTESIANTRANSFORMATIONOPERATOR3D(#5591,#5592,#5590,1.,#5593);
#5595=IFCMAPPEDITEM(#5517,#5594);
#5596=IFCSHAPEREPRESENTATION(#18,'Profile','MappedRepresentation',(#5595));
#5597=IFCPRODUCTDEFINITIONSHAPE($,$,(#5596,#5604,#5611));
#5598=IFCCARTESIANPOINT((0.,0.,0.));
#5599=IFCDIRECTION((1.,0.,0.));
#5600=IFCDIRECTION((0.,1.,0.));
#5601=IFCDIRECTION((0.,0.,1.));
#5602=IFCCARTESIANTRANSFORMATIONOPERATOR3D(#5599,#5600,#5598,1.,#5601);
#5603=IFCMAPPEDITEM(#5565,#5602);
#5604=IFCSHAPEREPRESENTATION(#11,'Body','MappedRepresentation',(#5603));
#5605=IFCCARTESIANPOINT((0.,0.,0.));
#5606=IFCDIRECTION((1.,0.,0.));
#5607=IFCDIRECTION((0.,1.,0.));
#5608=IFCDIRECTION((0.,0.,1.));
#5609=IFCCARTESIANTRANSFORMATIONOPERATOR3D(#5606,#5607,#5605,1.,#5608);
#5610=IFCMAPPEDITEM(#5587,#5609);
#5611=IFCSHAPEREPRESENTATION(#24,'Body','MappedRepresentation',(#5610));
#5617=IFCRAILINGTYPE('1BTjzFWrzF3fwMs$eFhx_N',$,'Railing Balcony',$,$,(#5618,#5620),(#5649,#5693),$,$,.USERDEFINED.);
#5618=IFCPROPERTYSET('1I4Y9zDo19Qw34hJKD2zDn',$,'BBIM_Railing',$,(#5619));
#5619=IFCPROPERTYSINGLEVALUE('Data',$,IFCTEXT('{"railing_type": "FRAMELESS_PANEL", "height": 1.0, "thickness": 0.05000000074505806, "spacing": 0.05000000074505806, "path_data": {"edges": [[0, 1], [1, 2]], "verts": [[-1.0, 0.0, 0.0], [0.0, 0.0, 0.0], [1.0, 0.0, 0.0]]}}'),$);
#5620=IFCPROPERTYSET('1$XqoyFcDDZB9auSAGnC6e',$,'Pset_RailingCommon',$,(#5621));
#5621=IFCPROPERTYSINGLEVALUE('Height',$,IFCPOSITIVELENGTHMEASURE(1.),$);
#5645=IFCCARTESIANPOINT((0.,0.,0.));
#5646=IFCDIRECTION((1.,0.,0.));
#5647=IFCDIRECTION((0.,0.,1.));
#5648=IFCAXIS2PLACEMENT3D(#5645,#5647,#5646);
#5649=IFCREPRESENTATIONMAP(#5648,#5684);
#5650=IFCINDEXEDPOLYGONALFACE((2,3,4));
#5651=IFCINDEXEDPOLYGONALFACE((2,4,1));
#5652=IFCINDEXEDPOLYGONALFACE((6,7,8));
#5653=IFCINDEXEDPOLYGONALFACE((6,8,5));
#5654=IFCINDEXEDPOLYGONALFACE((12,9,10));
#5655=IFCINDEXEDPOLYGONALFACE((12,10,11));
#5656=IFCINDEXEDPOLYGONALFACE((13,14,9));
#5657=IFCINDEXEDPOLYGONALFACE((13,9,12));
#5658=IFCINDEXEDPOLYGONALFACE((18,15,16));
#5659=IFCINDEXEDPOLYGONALFACE((18,16,17));
#5660=IFCINDEXEDPOLYGONALFACE((19,20,15));
#5661=IFCINDEXEDPOLYGONALFACE((19,15,18));
#5662=IFCINDEXEDPOLYGONALFACE((18,8,7));
#5663=IFCINDEXEDPOLYGONALFACE((18,7,19));
#5664=IFCINDEXEDPOLYGONALFACE((17,8,18));
#5665=IFCINDEXEDPOLYGONALFACE((16,5,8));
#5666=IFCINDEXEDPOLYGONALFACE((16,8,17));
#5667=IFCINDEXEDPOLYGONALFACE((2,9,14));
#5668=IFCINDEXEDPOLYGONALFACE((1,10,9));
#5669=IFCINDEXEDPOLYGONALFACE((1,9,2));
#5670=IFCINDEXEDPOLYGONALFACE((6,15,20));
#5671=IFCINDEXEDPOLYGONALFACE((5,16,15));
#5672=IFCINDEXEDPOLYGONALFACE((5,15,6));
#5673=IFCINDEXEDPOLYGONALFACE((10,1,4));
#5674=IFCINDEXEDPOLYGONALFACE((10,4,11));
#5675=IFCINDEXEDPOLYGONALFACE((2,13,3));
#5676=IFCINDEXEDPOLYGONALFACE((2,14,13));
#5677=IFCINDEXEDPOLYGONALFACE((6,19,7));
#5678=IFCINDEXEDPOLYGONALFACE((6,20,19));
#5679=IFCINDEXEDPOLYGONALFACE((12,4,3));
#5680=IFCINDEXEDPOLYGONALFACE((12,3,13));
#5681=IFCINDEXEDPOLYGONALFACE((11,4,12));
#5682=IFCCARTESIANPOINTLIST3D(((-0.02500000037252903,-0.02500000037252903,1.),(-0.02500000037252903,0.02500000037252903,1.),(-0.97500002384185791,0.02500000037252903,1.),(-0.97500002384185791,-0.02500000037252903,1.),(0.97500002384185791,-0.02500000037252903,1.),(0.97500002384185791,0.02500000037252903,1.),(0.02500000037252903,0.02500000037252903,1.),(0.02500000037252903,-0.02500000037252903,1.),(-0.02500000037252903,0.,0.),(-0.02500000037252903,-0.02500000037252903,0.),(-0.97500002384185791,-0.02500000037252903,0.),(-0.97500002384185791,0.,0.),(-0.97500002384185791,0.02500000037252903,0.),(-0.02500000037252903,0.02500000037252903,0.),(0.97500002384185791,0.,0.),(0.97500002384185791,-0.02500000037252903,0.),(0.02500000037252903,-0.02500000037252903,0.),(0.02500000037252903,0.,0.),(0.02500000037252903,0.02500000037252903,0.),(0.97500002384185791,0.02500000037252903,0.)));
#5683=IFCPOLYGONALFACESET(#5682,.T.,(#5650,#5651,#5652,#5653,#5654,#5655,#5656,#5657,#5658,#5659,#5660,#5661,#5662,#5663,#5664,#5665,#5666,#5667,#5668,#5669,#5670,#5671,#5672,#5673,#5674,#5675,#5676,#5677,#5678,#5679,#5680,#5681),$);
#5684=IFCSHAPEREPRESENTATION(#11,'Body','Tessellation',(#5683));
#5686=IFCCARTESIANPOINT((-0.97500002384185791,-0.02500000037252903,0.));
#5687=IFCBOUNDINGBOX(#5686,1.9500000476837158,0.05000000074505806,1.);
#5688=IFCSHAPEREPRESENTATION(#13,'Box','BoundingBox',(#5687));
#5689=IFCCARTESIANPOINT((0.,0.,0.));
#5690=IFCDIRECTION((1.,0.,0.));
#5691=IFCDIRECTION((0.,0.,1.));
#5692=IFCAXIS2PLACEMENT3D(#5689,#5691,#5690);
#5693=IFCREPRESENTATIONMAP(#5692,#5688);
#5779=IFCRAILING('2sPYxwWwzFUO6z75Usswgu',$,'Railing',$,$,#7259,#5788,$,$);
#5780=IFCRELDEFINESBYTYPE('2gy401aVbEIf3OF1czLSo_',$,$,$,(#5779,#5801,#5843,#5822),#5617);
#5781=IFCCARTESIANPOINT((0.,0.,0.));
#5782=IFCDIRECTION((1.,0.,0.));
#5783=IFCDIRECTION((0.,1.,0.));
#5784=IFCDIRECTION((0.,0.,1.));
#5785=IFCCARTESIANTRANSFORMATIONOPERATOR3D(#5782,#5783,#5781,1.,#5784);
#5786=IFCMAPPEDITEM(#5649,#5785);
#5787=IFCSHAPEREPRESENTATION(#11,'Body','MappedRepresentation',(#5786));
#5788=IFCPRODUCTDEFINITIONSHAPE($,$,(#5787,#5795));
#5789=IFCCARTESIANPOINT((0.,0.,0.));
#5790=IFCDIRECTION((1.,0.,0.));
#5791=IFCDIRECTION((0.,1.,0.));
#5792=IFCDIRECTION((0.,0.,1.));
#5793=IFCCARTESIANTRANSFORMATIONOPERATOR3D(#5790,#5791,#5789,1.,#5792);
#5794=IFCMAPPEDITEM(#5693,#5793);
#5795=IFCSHAPEREPRESENTATION(#13,'Box','MappedRepresentation',(#5794));
#5801=IFCRAILING('0elckdB2PA2xSXfJF4aU2i',$,'Railing',$,$,#7264,#5809,$,$);
#5802=IFCCARTESIANPOINT((0.,0.,0.));
#5803=IFCDIRECTION((1.,0.,0.));
#5804=IFCDIRECTION((0.,1.,0.));
#5805=IFCDIRECTION((0.,0.,1.));
#5806=IFCCARTESIANTRANSFORMATIONOPERATOR3D(#5803,#5804,#5802,1.,#5805);
#5807=IFCMAPPEDITEM(#5649,#5806);
#5808=IFCSHAPEREPRESENTATION(#11,'Body','MappedRepresentation',(#5807));
#5809=IFCPRODUCTDEFINITIONSHAPE($,$,(#5808,#5816));
#5810=IFCCARTESIANPOINT((0.,0.,0.));
#5811=IFCDIRECTION((1.,0.,0.));
#5812=IFCDIRECTION((0.,1.,0.));
#5813=IFCDIRECTION((0.,0.,1.));
#5814=IFCCARTESIANTRANSFORMATIONOPERATOR3D(#5811,#5812,#5810,1.,#5813);
#5815=IFCMAPPEDITEM(#5693,#5814);
#5816=IFCSHAPEREPRESENTATION(#13,'Box','MappedRepresentation',(#5815));
#5822=IFCRAILING('0IaT4vKIP7aOu3wompu7r5',$,'Railing',$,$,#7269,#5830,$,$);
#5823=IFCCARTESIANPOINT((0.,0.,0.));
#5824=IFCDIRECTION((1.,0.,0.));
#5825=IFCDIRECTION((0.,1.,0.));
#5826=IFCDIRECTION((0.,0.,1.));
#5827=IFCCARTESIANTRANSFORMATIONOPERATOR3D(#5824,#5825,#5823,1.,#5826);
#5828=IFCMAPPEDITEM(#5649,#5827);
#5829=IFCSHAPEREPRESENTATION(#11,'Body','MappedRepresentation',(#5828));
#5830=IFCPRODUCTDEFINITIONSHAPE($,$,(#5829,#5837));
#5831=IFCCARTESIANPOINT((0.,0.,0.));
#5832=IFCDIRECTION((1.,0.,0.));
#5833=IFCDIRECTION((0.,1.,0.));
#5834=IFCDIRECTION((0.,0.,1.));
#5835=IFCCARTESIANTRANSFORMATIONOPERATOR3D(#5832,#5833,#5831,1.,#5834);
#5836=IFCMAPPEDITEM(#5693,#5835);
#5837=IFCSHAPEREPRESENTATION(#13,'Box','MappedRepresentation',(#5836));
#5843=IFCRAILING('1ra7WFiI5FTA3so$A85Uwx',$,'Railing',$,$,#7274,#5851,$,$);
#5844=IFCCARTESIANPOINT((0.,0.,0.));
#5845=IFCDIRECTION((1.,0.,0.));
#5846=IFCDIRECTION((0.,1.,0.));
#5847=IFCDIRECTION((0.,0.,1.));
#5848=IFCCARTESIANTRANSFORMATIONOPERATOR3D(#5845,#5846,#5844,1.,#5847);
#5849=IFCMAPPEDITEM(#5649,#5848);
#5850=IFCSHAPEREPRESENTATION(#11,'Body','MappedRepresentation',(#5849));
#5851=IFCPRODUCTDEFINITIONSHAPE($,$,(#5850,#5858));
#5852=IFCCARTESIANPOINT((0.,0.,0.));
#5853=IFCDIRECTION((1.,0.,0.));
#5854=IFCDIRECTION((0.,1.,0.));
#5855=IFCDIRECTION((0.,0.,1.));
#5856=IFCCARTESIANTRANSFORMATIONOPERATOR3D(#5853,#5854,#5852,1.,#5855);
#5857=IFCMAPPEDITEM(#5693,#5856);
#5858=IFCSHAPEREPRESENTATION(#13,'Box','MappedRepresentation',(#5857));
#5864=IFCROOFTYPE('1sSpJWn05CvPYifu1q3BKO',$,'Bathroom 2F Window',$,$,(#5865),(#5894,#5922),$,$,.HIP_ROOF.);
#5865=IFCPROPERTYSET('1GZdwwDUn1PPuoVPeSrHX7',$,'BBIM_Roof',$,(#5866));
#5866=IFCPROPERTYSINGLEVALUE('Data',$,IFCTEXT('{"roof_type": "HIP/GABLE ROOF", "generation_method": "ANGLE", "roof_thickness": 0.10000000149011612, "rafter_edge_angle": 1.5707963705062866, "angle": 0.1745329201221466, "percentage": 17.63269805908203, "path_data": {"edges": [[0, 1], [1, 2], [2, 3], [3, 0]], "verts": [[-5.0, -5.0, 0.0], [-5.0, 5.0, 0.0], [5.0, 5.0, 0.0], [5.0, -5.0, 0.0]]}}'),$);
#5890=IFCCARTESIANPOINT((0.,0.,0.));
#5891=IFCDIRECTION((1.,0.,0.));
#5892=IFCDIRECTION((0.,0.,1.));
#5893=IFCAXIS2PLACEMENT3D(#5890,#5892,#5891);
#5894=IFCREPRESENTATIONMAP(#5893,#5913);
#5895=IFCINDEXEDPOLYGONALFACE((3,1,2));
#5896=IFCINDEXEDPOLYGONALFACE((2,4,3));
#5897=IFCINDEXEDPOLYGONALFACE((1,3,5));
#5898=IFCINDEXEDPOLYGONALFACE((4,5,3));
#5899=IFCINDEXEDPOLYGONALFACE((6,7,8));
#5900=IFCINDEXEDPOLYGONALFACE((8,2,1));
#5901=IFCINDEXEDPOLYGONALFACE((8,1,6));
#5902=IFCINDEXEDPOLYGONALFACE((8,7,9));
#5903=IFCINDEXEDPOLYGONALFACE((2,8,9));
#5904=IFCINDEXEDPOLYGONALFACE((2,9,4));
#5905=IFCINDEXEDPOLYGONALFACE((10,7,6));
#5906=IFCINDEXEDPOLYGONALFACE((6,1,5));
#5907=IFCINDEXEDPOLYGONALFACE((6,5,10));
#5908=IFCINDEXEDPOLYGONALFACE((9,7,10));
#5909=IFCINDEXEDPOLYGONALFACE((4,9,10));
#5910=IFCINDEXEDPOLYGONALFACE((4,10,5));
#5911=IFCCARTESIANPOINTLIST3D(((-5.,-5.,0.),(5.,-5.,0.),(0.,0.,0.88163489103317261),(5.,5.,0.),(-5.,5.,0.),(-5.,-5.,-0.10154265910387039),(0.,0.,0.78009223937988281),(5.,-5.,-0.10154265910387039),(5.,5.,-0.10154265910387039),(-5.,5.,-0.10154265910387039)));
#5912=IFCPOLYGONALFACESET(#5911,.T.,(#5895,#5896,#5897,#5898,#5899,#5900,#5901,#5902,#5903,#5904,#5905,#5906,#5907,#5908,#5909,#5910),$);
#5913=IFCSHAPEREPRESENTATION(#11,'Body','Tessellation',(#5912));
#5915=IFCCARTESIANPOINT((-5.,-5.,-0.10154265910387039));
#5916=IFCBOUNDINGBOX(#5915,10.,10.,0.9831775426864624);
#5917=IFCSHAPEREPRESENTATION(#13,'Box','BoundingBox',(#5916));
#5918=IFCCARTESIANPOINT((0.,0.,0.));
#5919=IFCDIRECTION((1.,0.,0.));
#5920=IFCDIRECTION((0.,0.,1.));
#5921=IFCAXIS2PLACEMENT3D(#5918,#5920,#5919);
#5922=IFCREPRESENTATIONMAP(#5921,#5917);
#5923=IFCROOF('1DWwys8Zr1Q83gMErGJx0i',$,'Roof',$,$,#7229,#5932,$,$);
#5924=IFCRELDEFINESBYTYPE('3HjLH7DeT6thcZX9rv$dem',$,$,$,(#5923),#5864);
#5925=IFCCARTESIANPOINT((0.,0.,0.));
#5926=IFCDIRECTION((1.,0.,0.));
#5927=IFCDIRECTION((0.,1.,0.));
#5928=IFCDIRECTION((0.,0.,1.));
#5929=IFCCARTESIANTRANSFORMATIONOPERATOR3D(#5926,#5927,#5925,1.,#5928);
#5930=IFCMAPPEDITEM(#5894,#5929);
#5931=IFCSHAPEREPRESENTATION(#11,'Body','MappedRepresentation',(#5930));
#5932=IFCPRODUCTDEFINITIONSHAPE($,$,(#5931,#5939));
#5933=IFCCARTESIANPOINT((0.,0.,0.));
#5934=IFCDIRECTION((1.,0.,0.));
#5935=IFCDIRECTION((0.,1.,0.));
#5936=IFCDIRECTION((0.,0.,1.));
#5937=IFCCARTESIANTRANSFORMATIONOPERATOR3D(#5934,#5935,#5933,1.,#5936);
#5938=IFCMAPPEDITEM(#5922,#5937);
#5939=IFCSHAPEREPRESENTATION(#13,'Box','MappedRepresentation',(#5938));
#6113=IFCSLAB('1z7KplNlH70O1lqMN_6Glp',$,'Slab',$,$,#7404,#6128,$,$);
#6114=IFCRELDEFINESBYTYPE('3Nogu9K5H8ghG4i6fsdjn1',$,$,$,(#6113),#863);
#6115=IFCMATERIALLAYERSETUSAGE(#864,.AXIS3.,.POSITIVE.,-0.10000000149011612,$);
#6116=IFCRELASSOCIATESMATERIAL('0kiSQp2IbC5v6eNou3oO25',$,$,$,(#6113),#6115);
#6122=IFCCARTESIANPOINTLIST2D(((0.,0.),(3.5499997138977051,-1.430511474609375E-06),(3.5499997138977051,1.4699983596801758),(7.0100007057189941,1.469998836517334),(7.0100002288818359,-7.6500005722045898),(3.0100002288818359,-7.6500005722045898),(3.0099844932556152,-5.150001049041748),(4.76837158203125E-07,-5.150001049041748),(0.,0.)));
#6123=IFCINDEXEDPOLYCURVE(#6122,$,$);
#6124=IFCDIRECTION((0.,0.,1.));
#6125=IFCARBITRARYCLOSEDPROFILEDEF(.AREA.,$,#6123);
#6126=IFCEXTRUDEDAREASOLID(#6125,#6135,#6124,0.10000000000000001);
#6127=IFCSHAPEREPRESENTATION(#11,'Body','SweptSolid',(#6126));
#6128=IFCPRODUCTDEFINITIONSHAPE($,$,(#6127));
#6129=IFCPROPERTYSET('36uxbLKaP8EO1g_nQiRyFH',$,'EPset_Parametric',$,(#6131));
#6130=IFCRELDEFINESBYPROPERTIES('2q7oLIBtv3Hv7NgwRROke1',$,$,$,(#6113),#6129);
#6131=IFCPROPERTYSINGLEVALUE('Engine',$,IFCLABEL('Bonsai.DumbLayer3'),$);
#6132=IFCCARTESIANPOINT((-0.,-0.,-0.10000000149011612));
#6133=IFCDIRECTION((0.,0.,1.));
#6134=IFCDIRECTION((1.,0.,0.));
#6135=IFCAXIS2PLACEMENT3D(#6132,#6133,#6134);
#6158=IFCSTAIRFLIGHT('3hjkUXyKf4GwMfaS6fIxls',$,'StairFlight',$,$,#6524,#6167,$,$,$,$,$,$);
#6159=IFCRELDEFINESBYTYPE('3gdPv53N92$uRYZ_ZtTUf5',$,$,$,(#6158),#2822);
#6160=IFCCARTESIANPOINT((0.,0.,0.));
#6161=IFCDIRECTION((1.,0.,0.));
#6162=IFCDIRECTION((0.,1.,0.));
#6163=IFCDIRECTION((0.,0.,1.));
#6164=IFCCARTESIANTRANSFORMATIONOPERATOR3D(#6161,#6162,#6160,1.,#6163);
#6165=IFCMAPPEDITEM(#2862,#6164);
#6166=IFCSHAPEREPRESENTATION(#13,'Box','MappedRepresentation',(#6165));
#6167=IFCPRODUCTDEFINITIONSHAPE($,$,(#6166,#6174));
#6168=IFCCARTESIANPOINT((0.,0.,0.));
#6169=IFCDIRECTION((1.,0.,0.));
#6170=IFCDIRECTION((0.,1.,0.));
#6171=IFCDIRECTION((0.,0.,1.));
#6172=IFCCARTESIANTRANSFORMATIONOPERATOR3D(#6169,#6170,#6168,1.,#6171);
#6173=IFCMAPPEDITEM(#2867,#6172);
#6174=IFCSHAPEREPRESENTATION(#11,'Body','MappedRepresentation',(#6173));
#6241=IFCSLABTYPE('17DAdAb_TA2vANdca4caGW',$,'Stairs Slab I',$,$,(#6242),$,$,$,.FLOOR.);
#6242=IFCPROPERTYSET('1X7c_sdNvAZ9ww2o4cnyWe',$,'EPset_Parametric',$,(#6243));
#6243=IFCPROPERTYSINGLEVALUE('LayerSetDirection',$,IFCLABEL('AXIS3'),$);
#6244=IFCRELASSOCIATESMATERIAL('2oEFJUFxn09PhCnKBtM16M',$,$,$,(#6241),#6245);
#6245=IFCMATERIALLAYERSET((#6246),$,$);
#6246=IFCMATERIALLAYER(#81,0.10000000000000001,$,$,$,$,$);
#6247=IFCSLAB('0n9nLvtqrDtO1EI2dPYVGh',$,'Slab',$,$,#6519,#6262,$,$);
#6248=IFCRELDEFINESBYTYPE('25hazvkDf8svBdmCiFE8mf',$,$,$,(#6247),#6241);
#6249=IFCMATERIALLAYERSETUSAGE(#6245,.AXIS3.,.POSITIVE.,-0.10000000149011612,$);
#6250=IFCRELASSOCIATESMATERIAL('3bSoA6TR95Ou1b1GseIp1O',$,$,$,(#6247),#6249);
#6256=IFCCARTESIANPOINTLIST2D(((0.,0.),(0.83839726448059082,5.9604644775390625E-08),(0.83839726448059082,1.8087034225463867),(-0.0010802745819091797,1.8087034225463867),(0.,0.)));
#6257=IFCINDEXEDPOLYCURVE(#6256,$,$);
#6258=IFCDIRECTION((0.,0.,1.));
#6259=IFCARBITRARYCLOSEDPROFILEDEF(.AREA.,$,#6257);
#6260=IFCEXTRUDEDAREASOLID(#6259,#6269,#6258,0.10000000000000001);
#6261=IFCSHAPEREPRESENTATION(#11,'Body','SweptSolid',(#6260));
#6262=IFCPRODUCTDEFINITIONSHAPE($,$,(#6261));
#6263=IFCPROPERTYSET('2y3bTkY5f4RRAf6LA32k8Q',$,'EPset_Parametric',$,(#6265));
#6264=IFCRELDEFINESBYPROPERTIES('329y3HBsn7w83fkJHvlB6Z',$,$,$,(#6247),#6263);
#6265=IFCPROPERTYSINGLEVALUE('Engine',$,IFCLABEL('Bonsai.DumbLayer3'),$);
#6266=IFCCARTESIANPOINT((-0.,-0.,-0.10000000149011612));
#6267=IFCDIRECTION((0.,0.,1.));
#6268=IFCDIRECTION((1.,0.,0.));
#6269=IFCAXIS2PLACEMENT3D(#6266,#6267,#6268);
#6274=IFCMATERIALLAYERSET((#6275),$,$);
#6275=IFCMATERIALLAYER(#81,0.10000000000000001,$,$,$,$,$);
#6276=IFCSTAIRFLIGHTTYPE('1h1IklOw56c8tYExXuURuu',$,'Stairs I',$,$,(#6277,#6279),(#6316,#6321),$,$,.STRAIGHT.);
#6277=IFCPROPERTYSET('3ZUxgVPnv7p9rAO7Eoul7V',$,'BBIM_Stair',$,(#6278));
#6278=IFCPROPERTYSINGLEVALUE('Data',$,IFCTEXT('{"stair_type": "CONCRETE", "width": 1.2000000476837158, "height": 1.0, "number_of_treads": 6, "tread_run": 0.30000001192092896, "nosing_length": 0.0, "nosing_depth": 0.0, "base_slab_depth": 0.25, "top_slab_depth": 0.25, "has_top_nib": true, "tread_depth": 0.25, "custom_first_last_tread_run": [null, null], "custom_tread_lock": true}'),$);
#6279=IFCPROPERTYSET('1qv7Sqa0n5tPGzRwAOgVcn',$,'Pset_StairFlightCommon',$,(#6280,#6281,#6282,#6283,#6284));
#6280=IFCPROPERTYSINGLEVALUE('NumberOfRiser',$,IFCCOUNTMEASURE(7.),$);
#6281=IFCPROPERTYSINGLEVALUE('NumberOfTreads',$,IFCCOUNTMEASURE(6.),$);
#6282=IFCPROPERTYSINGLEVALUE('RiserHeight',$,IFCPOSITIVELENGTHMEASURE(0.14285714285714285),$);
#6283=IFCPROPERTYSINGLEVALUE('TreadLength',$,IFCPOSITIVELENGTHMEASURE(0.25),$);
#6284=IFCPROPERTYSINGLEVALUE('NosingLength',$,IFCLENGTHMEASURE(0.),$);
#6285=IFCINDEXEDPOLYGONALFACE((2,1,19,18,17,16,15,14,13,12,11,10,9,8,7,6,5,4,3));
#6286=IFCINDEXEDPOLYGONALFACE((20,21,22,23,24,25,26,27,28,29,30,31,32,33,34,35,36,37,38));
#6287=IFCINDEXEDPOLYGONALFACE((3,4,22,21));
#6288=IFCINDEXEDPOLYGONALFACE((18,19,37,36));
#6289=IFCINDEXEDPOLYGONALFACE((11,12,30,29));
#6290=IFCINDEXEDPOLYGONALFACE((4,5,23,22));
#6291=IFCINDEXEDPOLYGONALFACE((17,18,36,35));
#6292=IFCINDEXEDPOLYGONALFACE((12,13,31,30));
#6293=IFCINDEXEDPOLYGONALFACE((5,6,24,23));
#6294=IFCINDEXEDPOLYGONALFACE((13,14,32,31));
#6295=IFCINDEXEDPOLYGONALFACE((6,7,25,24));
#6296=IFCINDEXEDPOLYGONALFACE((14,15,33,32));
#6297=IFCINDEXEDPOLYGONALFACE((7,8,26,25));
#6298=IFCINDEXEDPOLYGONALFACE((15,16,34,33));
#6299=IFCINDEXEDPOLYGONALFACE((8,9,27,26));
#6300=IFCINDEXEDPOLYGONALFACE((1,2,20,38));
#6301=IFCINDEXEDPOLYGONALFACE((16,17,35,34));
#6302=IFCINDEXEDPOLYGONALFACE((9,10,28,27));
#6303=IFCINDEXEDPOLYGONALFACE((2,3,21,20));
#6304=IFCINDEXEDPOLYGONALFACE((19,1,38,37));
#6305=IFCINDEXEDPOLYGONALFACE((10,11,29,28));
#6306=IFCCARTESIANPOINTLIST3D(((0.,0.,0.),(0.,0.,0.1428571492433548),(0.30000001192092896,0.,0.1428571492433548),(0.30000001192092896,0.,0.28571429848670959),(0.60000002384185791,0.,0.28571429848670959),(0.60000002384185791,0.,0.42857146263122559),(0.90000003576278687,0.,0.42857146263122559),(0.90000003576278687,0.,0.57142859697341919),(1.2000000476837158,0.,0.57142859697341919),(1.2000000476837158,0.,0.71428573131561279),(1.5,0.,0.71428573131561279),(1.5,0.,0.8571428656578064),(1.7999999523162842,0.,0.8571428656578064),(1.7999999523162842,0.,1.),(2.0999999046325684,0.,1.),(2.0999999046325684,0.,0.75),(2.1564853191375732,0.,0.75),(0.056485176086425781,0.,-0.25),(0.,0.,-0.25),(0.,1.2000000476837158,0.1428571492433548),(0.30000001192092896,1.2000000476837158,0.1428571492433548),(0.30000001192092896,1.2000000476837158,0.28571429848670959),(0.60000002384185791,1.2000000476837158,0.28571429848670959),(0.60000002384185791,1.2000000476837158,0.42857146263122559),(0.90000003576278687,1.2000000476837158,0.42857146263122559),(0.90000003576278687,1.2000000476837158,0.57142859697341919),(1.2000000476837158,1.2000000476837158,0.57142859697341919),(1.2000000476837158,1.2000000476837158,0.71428573131561279),(1.5,1.2000000476837158,0.71428573131561279),(1.5,1.2000000476837158,0.8571428656578064),(1.7999999523162842,1.2000000476837158,0.8571428656578064),(1.7999999523162842,1.2000000476837158,1.),(2.0999999046325684,1.2000000476837158,1.),(2.0999999046325684,1.2000000476837158,0.75),(2.1564853191375732,1.2000000476837158,0.75),(0.056485176086425781,1.2000000476837158,-0.25),(0.,1.2000000476837158,-0.25),(0.,1.2000000476837158,0.)));
#6307=IFCPOLYGONALFACESET(#6306,.T.,(#6285,#6286,#6287,#6288,#6289,#6290,#6291,#6292,#6293,#6294,#6295,#6296,#6297,#6298,#6299,#6300,#6301,#6302,#6303,#6304,#6305),$);
#6308=IFCSHAPEREPRESENTATION(#11,'Body','Tessellation',(#6307));
#6309=IFCCARTESIANPOINT((0.,0.,-0.25));
#6310=IFCBOUNDINGBOX(#6309,2.1564853191375732,1.2000000476837158,1.25);
#6311=IFCSHAPEREPRESENTATION(#13,'Box','BoundingBox',(#6310));
#6312=IFCCARTESIANPOINT((0.,0.,0.));
#6313=IFCDIRECTION((1.,0.,0.));
#6314=IFCDIRECTION((0.,0.,1.));
#6315=IFCAXIS2PLACEMENT3D(#6312,#6314,#6313);
#6316=IFCREPRESENTATIONMAP(#6315,#6311);
#6317=IFCCARTESIANPOINT((0.,0.,0.));
#6318=IFCDIRECTION((1.,0.,0.));
#6319=IFCDIRECTION((0.,0.,1.));
#6320=IFCAXIS2PLACEMENT3D(#6317,#6319,#6318);
#6321=IFCREPRESENTATIONMAP(#6320,#6308);
#6344=IFCSTAIRFLIGHT('2b9XYzOK1AIe_vjDCPAA2l',$,'StairFlight',$,$,#6529,#6353,$,$,$,$,$,$);
#6345=IFCRELDEFINESBYTYPE('3I1qKEfbL6RBpJpWJk9EEy',$,$,$,(#6344),#6276);
#6346=IFCCARTESIANPOINT((0.,0.,0.));
#6347=IFCDIRECTION((1.,0.,0.));
#6348=IFCDIRECTION((0.,1.,0.));
#6349=IFCDIRECTION((0.,0.,1.));
#6350=IFCCARTESIANTRANSFORMATIONOPERATOR3D(#6347,#6348,#6346,1.,#6349);
#6351=IFCMAPPEDITEM(#6316,#6350);
#6352=IFCSHAPEREPRESENTATION(#13,'Box','MappedRepresentation',(#6351));
#6353=IFCPRODUCTDEFINITIONSHAPE($,$,(#6352,#6360));
#6354=IFCCARTESIANPOINT((0.,0.,0.));
#6355=IFCDIRECTION((1.,0.,0.));
#6356=IFCDIRECTION((0.,1.,0.));
#6357=IFCDIRECTION((0.,0.,1.));
#6358=IFCCARTESIANTRANSFORMATIONOPERATOR3D(#6355,#6356,#6354,1.,#6357);
#6359=IFCMAPPEDITEM(#6321,#6358);
#6360=IFCSHAPEREPRESENTATION(#11,'Body','MappedRepresentation',(#6359));
#6366=IFCRAILINGTYPE('2jjVk6yBjAt9KuvZbKa0tW',$,'Railing Stairs',$,$,(#6367,#6369),(#6398,#6442),$,$,.USERDEFINED.);
#6367=IFCPROPERTYSET('0iIsXl$Wr4wfiwcNPWzfxf',$,'BBIM_Railing',$,(#6368));
#6368=IFCPROPERTYSINGLEVALUE('Data',$,IFCTEXT('{"railing_type": "FRAMELESS_PANEL", "height": 1.0, "thickness": 0.05000000074505806, "spacing": 0.05000000074505806, "path_data": {"edges": [[0, 1], [1, 2]], "verts": [[-1.0, 0.0, 0.0], [0.0, 0.0, 0.0], [1.0, 0.0, 0.0]]}}'),$);
#6369=IFCPROPERTYSET('0E45RxNRPEcOqrvL07NVdr',$,'Pset_RailingCommon',$,(#6370));
#6370=IFCPROPERTYSINGLEVALUE('Height',$,IFCPOSITIVELENGTHMEASURE(1.),$);
#6394=IFCCARTESIANPOINT((0.,0.,0.));
#6395=IFCDIRECTION((1.,0.,0.));
#6396=IFCDIRECTION((0.,0.,1.));
#6397=IFCAXIS2PLACEMENT3D(#6394,#6396,#6395);
#6398=IFCREPRESENTATIONMAP(#6397,#6433);
#6399=IFCINDEXEDPOLYGONALFACE((2,3,4));
#6400=IFCINDEXEDPOLYGONALFACE((2,4,1));
#6401=IFCINDEXEDPOLYGONALFACE((6,7,8));
#6402=IFCINDEXEDPOLYGONALFACE((6,8,5));
#6403=IFCINDEXEDPOLYGONALFACE((12,9,10));
#6404=IFCINDEXEDPOLYGONALFACE((12,10,11));
#6405=IFCINDEXEDPOLYGONALFACE((13,14,9));
#6406=IFCINDEXEDPOLYGONALFACE((13,9,12));
#6407=IFCINDEXEDPOLYGONALFACE((18,15,16));
#6408=IFCINDEXEDPOLYGONALFACE((18,16,17));
#6409=IFCINDEXEDPOLYGONALFACE((19,20,15));
#6410=IFCINDEXEDPOLYGONALFACE((19,15,18));
#6411=IFCINDEXEDPOLYGONALFACE((10,1,4));
#6412=IFCINDEXEDPOLYGONALFACE((10,4,11));
#6413=IFCINDEXEDPOLYGONALFACE((2,13,3));
#6414=IFCINDEXEDPOLYGONALFACE((2,14,13));
#6415=IFCINDEXEDPOLYGONALFACE((6,15,20));
#6416=IFCINDEXEDPOLYGONALFACE((5,16,15));
#6417=IFCINDEXEDPOLYGONALFACE((5,15,6));
#6418=IFCINDEXEDPOLYGONALFACE((2,9,14));
#6419=IFCINDEXEDPOLYGONALFACE((1,10,9));
#6420=IFCINDEXEDPOLYGONALFACE((1,9,2));
#6421=IFCINDEXEDPOLYGONALFACE((6,19,7));
#6422=IFCINDEXEDPOLYGONALFACE((6,20,19));
#6423=IFCINDEXEDPOLYGONALFACE((18,8,7));
#6424=IFCINDEXEDPOLYGONALFACE((18,7,19));
#6425=IFCINDEXEDPOLYGONALFACE((17,8,18));
#6426=IFCINDEXEDPOLYGONALFACE((16,5,8));
#6427=IFCINDEXEDPOLYGONALFACE((16,8,17));
#6428=IFCINDEXEDPOLYGONALFACE((12,4,3));
#6429=IFCINDEXEDPOLYGONALFACE((12,3,13));
#6430=IFCINDEXEDPOLYGONALFACE((11,4,12));
#6431=IFCCARTESIANPOINTLIST3D(((-0.02500000037252903,-0.02500000037252903,1.),(-0.02500000037252903,0.02500000037252903,1.),(-0.97500002384185791,0.02500000037252903,1.),(-0.97500002384185791,-0.02500000037252903,1.),(0.97500002384185791,-0.02500000037252903,1.),(0.97500002384185791,0.02500000037252903,1.),(0.02500000037252903,0.02500000037252903,1.),(0.02500000037252903,-0.02500000037252903,1.),(-0.02500000037252903,0.,0.),(-0.02500000037252903,-0.02500000037252903,0.),(-0.97500002384185791,-0.02500000037252903,0.),(-0.97500002384185791,0.,0.),(-0.97500002384185791,0.02500000037252903,0.),(-0.02500000037252903,0.02500000037252903,0.),(0.97500002384185791,0.,0.),(0.97500002384185791,-0.02500000037252903,0.),(0.02500000037252903,-0.02500000037252903,0.),(0.02500000037252903,0.,0.),(0.02500000037252903,0.02500000037252903,0.),(0.97500002384185791,0.02500000037252903,0.)));
#6432=IFCPOLYGONALFACESET(#6431,.T.,(#6399,#6400,#6401,#6402,#6403,#6404,#6405,#6406,#6407,#6408,#6409,#6410,#6411,#6412,#6413,#6414,#6415,#6416,#6417,#6418,#6419,#6420,#6421,#6422,#6423,#6424,#6425,#6426,#6427,#6428,#6429,#6430),$);
#6433=IFCSHAPEREPRESENTATION(#11,'Body','Tessellation',(#6432));
#6435=IFCCARTESIANPOINT((-0.97500002384185791,-0.02500000037252903,0.));
#6436=IFCBOUNDINGBOX(#6435,1.9500000476837158,0.05000000074505806,1.);
#6437=IFCSHAPEREPRESENTATION(#13,'Box','BoundingBox',(#6436));
#6438=IFCCARTESIANPOINT((0.,0.,0.));
#6439=IFCDIRECTION((1.,0.,0.));
#6440=IFCDIRECTION((0.,0.,1.));
#6441=IFCAXIS2PLACEMENT3D(#6438,#6440,#6439);
#6442=IFCREPRESENTATIONMAP(#6441,#6437);
#6515=IFCCARTESIANPOINT((3.2399718761444092,0.47272968292236328,1.483148455619812));
#6516=IFCDIRECTION((0.,0.,1.));
#6517=IFCDIRECTION((1.,0.,0.));
#6518=IFCAXIS2PLACEMENT3D(#6515,#6516,#6517);
#6519=IFCLOCALPLACEMENT(#62,#6518);
#6520=IFCCARTESIANPOINT((1.814971923828125,0.47272968292236328,-0.016851544380187988));
#6521=IFCDIRECTION((0.,0.,1.));
#6522=IFCDIRECTION((1.,0.,0.));
#6523=IFCAXIS2PLACEMENT3D(#6520,#6521,#6522);
#6524=IFCLOCALPLACEMENT(#62,#6523);
#6525=IFCCARTESIANPOINT((3.2388913631439209,2.2727298736572266,1.483148455619812));
#6526=IFCDIRECTION((0.,0.,1.));
#6527=IFCDIRECTION((-0.99999999999994693,-3.2584136988587576E-07,0.));
#6528=IFCAXIS2PLACEMENT3D(#6525,#6526,#6527);
#6529=IFCLOCALPLACEMENT(#62,#6528);
#6620=IFCRAILING('38mA_0uYb8SvCwj3bkRTzB',$,'Railing',$,$,#7279,#6629,$,$);
#6621=IFCRELDEFINESBYTYPE('1p3PRg9WXFNfPaAuP1YGm8',$,$,$,(#6663,#6620,#6642),#6366);
#6622=IFCCARTESIANPOINT((0.,0.,0.));
#6623=IFCDIRECTION((1.,0.,0.));
#6624=IFCDIRECTION((0.,1.,0.));
#6625=IFCDIRECTION((0.,0.,1.));
#6626=IFCCARTESIANTRANSFORMATIONOPERATOR3D(#6623,#6624,#6622,1.,#6625);
#6627=IFCMAPPEDITEM(#6398,#6626);
#6628=IFCSHAPEREPRESENTATION(#11,'Body','MappedRepresentation',(#6627));
#6629=IFCPRODUCTDEFINITIONSHAPE($,$,(#6628,#6636));
#6630=IFCCARTESIANPOINT((0.,0.,0.));
#6631=IFCDIRECTION((1.,0.,0.));
#6632=IFCDIRECTION((0.,1.,0.));
#6633=IFCDIRECTION((0.,0.,1.));
#6634=IFCCARTESIANTRANSFORMATIONOPERATOR3D(#6631,#6632,#6630,1.,#6633);
#6635=IFCMAPPEDITEM(#6442,#6634);
#6636=IFCSHAPEREPRESENTATION(#13,'Box','MappedRepresentation',(#6635));
#6642=IFCRAILING('2Jsdi1sq18mvxVjgX2swJL',$,'Railing',$,$,#7284,#6650,$,$);
#6643=IFCCARTESIANPOINT((0.,0.,0.));
#6644=IFCDIRECTION((1.,0.,0.));
#6645=IFCDIRECTION((0.,1.,0.));
#6646=IFCDIRECTION((0.,0.,1.));
#6647=IFCCARTESIANTRANSFORMATIONOPERATOR3D(#6644,#6645,#6643,1.,#6646);
#6648=IFCMAPPEDITEM(#6398,#6647);
#6649=IFCSHAPEREPRESENTATION(#11,'Body','MappedRepresentation',(#6648));
#6650=IFCPRODUCTDEFINITIONSHAPE($,$,(#6649,#6657));
#6651=IFCCARTESIANPOINT((0.,0.,0.));
#6652=IFCDIRECTION((1.,0.,0.));
#6653=IFCDIRECTION((0.,1.,0.));
#6654=IFCDIRECTION((0.,0.,1.));
#6655=IFCCARTESIANTRANSFORMATIONOPERATOR3D(#6652,#6653,#6651,1.,#6654);
#6656=IFCMAPPEDITEM(#6442,#6655);
#6657=IFCSHAPEREPRESENTATION(#13,'Box','MappedRepresentation',(#6656));
#6663=IFCRAILING('07WgxCSPLEGOBcjKiIEO0p',$,'Railing',$,$,#7289,#6671,$,$);
#6664=IFCCARTESIANPOINT((0.,0.,0.));
#6665=IFCDIRECTION((1.,0.,0.));
#6666=IFCDIRECTION((0.,1.,0.));
#6667=IFCDIRECTION((0.,0.,1.));
#6668=IFCCARTESIANTRANSFORMATIONOPERATOR3D(#6665,#6666,#6664,1.,#6667);
#6669=IFCMAPPEDITEM(#6398,#6668);
#6670=IFCSHAPEREPRESENTATION(#11,'Body','MappedRepresentation',(#6669));
#6671=IFCPRODUCTDEFINITIONSHAPE($,$,(#6670,#6678));
#6672=IFCCARTESIANPOINT((0.,0.,0.));
#6673=IFCDIRECTION((1.,0.,0.));
#6674=IFCDIRECTION((0.,1.,0.));
#6675=IFCDIRECTION((0.,0.,1.));
#6676=IFCCARTESIANTRANSFORMATIONOPERATOR3D(#6673,#6674,#6672,1.,#6675);
#6677=IFCMAPPEDITEM(#6442,#6676);
#6678=IFCSHAPEREPRESENTATION(#13,'Box','MappedRepresentation',(#6677));
#6720=IFCSANITARYTERMINALTYPE('0BVU2XZzvA0watqfCgiICB',$,'Railing Stairs',$,$,$,(#6734),$,$,.TOILETPAN.);
#6721=IFCCARTESIANPOINTLIST3D(((-0.25,-0.25,-0.25),(-0.25,-0.25,0.25),(-0.25,0.25,-0.25),(-0.25,0.25,0.25),(0.25,-0.25,-0.25),(0.25,-0.25,0.25),(0.25,0.25,-0.25),(0.25,0.25,0.25)));
#6722=IFCINDEXEDPOLYGONALFACE((1,2,4,3));
#6723=IFCINDEXEDPOLYGONALFACE((3,4,8,7));
#6724=IFCINDEXEDPOLYGONALFACE((7,8,6,5));
#6725=IFCINDEXEDPOLYGONALFACE((5,6,2,1));
#6726=IFCINDEXEDPOLYGONALFACE((3,7,5,1));
#6727=IFCINDEXEDPOLYGONALFACE((8,4,2,6));
#6728=IFCPOLYGONALFACESET(#6721,$,(#6722,#6723,#6724,#6725,#6726,#6727),$);
#6729=IFCSHAPEREPRESENTATION(#11,'Body','Tessellation',(#6728));
#6730=IFCCARTESIANPOINT((0.,0.,0.));
#6731=IFCDIRECTION((1.,0.,0.));
#6732=IFCDIRECTION((0.,0.,1.));
#6733=IFCAXIS2PLACEMENT3D(#6730,#6732,#6731);
#6734=IFCREPRESENTATIONMAP(#6733,#6729);
#6735=IFCFURNITURETYPE('3jA4GdnE9A9gD2Jn6RGcD5',$,'Bed',$,$,$,(#6749),$,$,.NOTDEFINED.,.BED.);
#6736=IFCCARTESIANPOINTLIST3D(((-0.25,-0.25,-0.25),(-0.25,-0.25,0.25),(-0.25,0.25,-0.25),(-0.25,0.25,0.25),(0.25,-0.25,-0.25),(0.25,-0.25,0.25),(0.25,0.25,-0.25),(0.25,0.25,0.25)));
#6737=IFCINDEXEDPOLYGONALFACE((1,2,4,3));
#6738=IFCINDEXEDPOLYGONALFACE((3,4,8,7));
#6739=IFCINDEXEDPOLYGONALFACE((7,8,6,5));
#6740=IFCINDEXEDPOLYGONALFACE((5,6,2,1));
#6741=IFCINDEXEDPOLYGONALFACE((3,7,5,1));
#6742=IFCINDEXEDPOLYGONALFACE((8,4,2,6));
#6743=IFCPOLYGONALFACESET(#6736,$,(#6737,#6738,#6739,#6740,#6741,#6742),$);
#6744=IFCSHAPEREPRESENTATION(#11,'Body','Tessellation',(#6743));
#6745=IFCCARTESIANPOINT((0.,0.,0.));
#6746=IFCDIRECTION((1.,0.,0.));
#6747=IFCDIRECTION((0.,0.,1.));
#6748=IFCAXIS2PLACEMENT3D(#6745,#6747,#6746);
#6749=IFCREPRESENTATIONMAP(#6748,#6744);
#6766=IFCDOOR('1ZSqv1FCr7NusJUj6tUGRg',$,'Door',$,$,#6798,$,$,$,$,$,$,$);
#6768=IFCDOOR('2m2G9a9Lz7pexAB0BmoUNW',$,'Door',$,$,#6803,$,$,$,$,$,$,$);
#6794=IFCCARTESIANPOINT((-1.6052826642990112,-0.91306346654891968,0.));
#6795=IFCDIRECTION((0.,0.,1.));
#6796=IFCDIRECTION((1.,0.,0.));
#6797=IFCAXIS2PLACEMENT3D(#6794,#6795,#6796);
#6798=IFCLOCALPLACEMENT(#62,#6797);
#6799=IFCCARTESIANPOINT((-1.6052826642990112,-0.91306346654891968,0.));
#6800=IFCDIRECTION((0.,0.,1.));
#6801=IFCDIRECTION((1.,0.,0.));
#6802=IFCAXIS2PLACEMENT3D(#6799,#6800,#6801);
#6803=IFCLOCALPLACEMENT(#62,#6802);
#6804=IFCDOORTYPE('0oQ0OHXffBjfl0Wjm4JEjh',$,'Sliding Balcony door',$,$,$,$,$,$,.DOOR.,.NOTDEFINED.,$,$);
#6871=IFCDOORTYPE('3zl0DmDt9688hKWRkHKB9p',$,'Balcony I door',$,$,(#6872),(#6881,#6959,#6978),$,$,.DOOR.,.SINGLE_SWING_LEFT.,$,$);
#6872=IFCPROPERTYSET('3vhhGRjbfEIhFTvAxT0d57',$,'BBIM_Door',$,(#6873));
#6873=IFCPROPERTYSINGLEVALUE('Data',$,IFCTEXT('{"door_type": "SINGLE_SWING_LEFT", "overall_height": 2.0, "overall_width": 0.8999999761581421, "lining_properties": {"lining_depth": 0.05000000074505806, "lining_thickness": 0.05000000074505806, "lining_offset": 0.0, "lining_to_panel_offset_x": 0.02500000037252903, "lining_to_panel_offset_y": 0.02500000037252903, "transom_thickness": 0.0, "casing_thickness": 0.07500000298023224, "casing_depth": 0.004999999888241291, "threshold_thickness": 0.02500000037252903, "threshold_depth": 0.10000000149011612, "threshold_offset": 0.0}, "panel_properties": {"panel_depth": 0.03500000014901161, "panel_width_ratio": 1.0}}'),$);
#6874=IFCCARTESIANPOINTLIST3D(((0.,0.,0.),(0.89999997615814209,0.,0.),(0.89999997615814209,0.,2.),(0.,0.,2.)));
#6875=IFCINDEXEDPOLYCURVE(#6874,(IFCLINEINDEX((1,2,3,4,1))),$);
#6876=IFCSHAPEREPRESENTATION(#18,'Profile','Curve3D',(#6875));
#6877=IFCCARTESIANPOINT((0.,0.,0.));
#6878=IFCDIRECTION((1.,0.,0.));
#6879=IFCDIRECTION((0.,0.,1.));
#6880=IFCAXIS2PLACEMENT3D(#6877,#6879,#6878);
#6881=IFCREPRESENTATIONMAP(#6880,#6876);
#6882=IFCCARTESIANPOINTLIST2D(((0.,0.),(0.,2.),(0.89999997615814209,2.),(0.89999997615814209,0.),(0.87499997578561306,0.),(0.87499997578561306,1.974999999627471),(0.02500000037252903,1.974999999627471),(0.02500000037252903,0.)));
#6883=IFCINDEXEDPOLYCURVE(#6882,(IFCLINEINDEX((1,2,3,4,5,6,7,8,1))),$);
#6884=IFCARBITRARYCLOSEDPROFILEDEF(.AREA.,$,#6883);
#6885=IFCCARTESIANPOINT((0.,0.02500000037252903,0.));
#6886=IFCDIRECTION((0.,-1.,0.));
#6887=IFCDIRECTION((1.,0.,0.));
#6888=IFCAXIS2PLACEMENT3D(#6885,#6886,#6887);
#6889=IFCDIRECTION((0.,0.,-1.));
#6890=IFCEXTRUDEDAREASOLID(#6884,#6888,#6889,0.02500000037252903);
#6891=IFCCARTESIANPOINTLIST2D(((0.,0.),(0.,2.),(0.89999997615814209,2.),(0.89999997615814209,0.),(0.84999997541308403,0.),(0.84999997541308403,1.9499999992549419),(0.05000000074505806,1.9499999992549419),(0.05000000074505806,0.)));
#6892=IFCINDEXEDPOLYCURVE(#6891,(IFCLINEINDEX((1,2,3,4,5,6,7,8,1))),$);
#6893=IFCARBITRARYCLOSEDPROFILEDEF(.AREA.,$,#6892);
#6894=IFCCARTESIANPOINT((0.,0.,0.));
#6895=IFCDIRECTION((0.,-1.,0.));
#6896=IFCDIRECTION((1.,0.,0.));
#6897=IFCAXIS2PLACEMENT3D(#6894,#6895,#6896);
#6898=IFCDIRECTION((0.,0.,-1.));
#6899=IFCEXTRUDEDAREASOLID(#6893,#6897,#6898,0.02500000037252903);
#6900=IFCCARTESIANPOINTLIST2D(((0.,0.),(0.79999997466802597,0.),(0.79999997466802597,0.10000000149011612),(0.,0.10000000149011612)));
#6901=IFCINDEXEDPOLYCURVE(#6900,(IFCLINEINDEX((1,2,3,4,1))),$);
#6902=IFCARBITRARYCLOSEDPROFILEDEF(.AREA.,$,#6901);
#6903=IFCCARTESIANPOINT((0.05000000074505806,0.,0.));
#6904=IFCDIRECTION((0.,0.,1.));
#6905=IFCDIRECTION((1.,0.,0.));
#6906=IFCAXIS2PLACEMENT3D(#6903,#6904,#6905);
#6907=IFCDIRECTION((0.,0.,1.));
#6908=IFCEXTRUDEDAREASOLID(#6902,#6906,#6907,0.02500000037252903);
#6909=IFCCARTESIANPOINTLIST2D(((0.,0.),(0.,2.0250000022351742),(0.94999998062849045,2.0250000022351742),(0.94999998062849045,0.),(0.87499997764825821,0.),(0.87499997764825821,1.9499999992549419),(0.075000002980232239,1.9499999992549419),(0.075000002980232239,0.)));
#6910=IFCINDEXEDPOLYCURVE(#6909,(IFCLINEINDEX((1,2,3,4,5,6,7,8,1))),$);
#6911=IFCARBITRARYCLOSEDPROFILEDEF(.AREA.,$,#6910);
#6912=IFCCARTESIANPOINT((-0.025000002235174179,-0.004999999888241291,0.));
#6913=IFCDIRECTION((0.,-1.,0.));
#6914=IFCDIRECTION((1.,0.,0.));
#6915=IFCAXIS2PLACEMENT3D(#6912,#6913,#6914);
#6916=IFCDIRECTION((0.,0.,-1.));
#6917=IFCEXTRUDEDAREASOLID(#6911,#6915,#6916,0.004999999888241291);
#6918=IFCCARTESIANPOINTLIST2D(((0.,0.),(0.,2.0250000022351742),(0.94999998062849045,2.0250000022351742),(0.94999998062849045,0.),(0.89999997802078724,0.),(0.89999997802078724,1.974999999627471),(0.050000002607703209,1.974999999627471),(0.050000002607703209,0.)));
#6919=IFCINDEXEDPOLYCURVE(#6918,(IFCLINEINDEX((1,2,3,4,5,6,7,8,1))),$);
#6920=IFCARBITRARYCLOSEDPROFILEDEF(.AREA.,$,#6919);
#6921=IFCCARTESIANPOINT((-0.025000002235174179,0.05000000074505806,0.));
#6922=IFCDIRECTION((0.,-1.,0.));
#6923=IFCDIRECTION((1.,0.,0.));
#6924=IFCAXIS2PLACEMENT3D(#6921,#6922,#6923);
#6925=IFCDIRECTION((0.,0.,-1.));
#6926=IFCEXTRUDEDAREASOLID(#6920,#6924,#6925,0.004999999888241291);
#6927=IFCCARTESIANPOINTLIST2D(((0.,0.),(0.84999997541308403,0.),(0.84999997541308403,0.035000000149011612),(0.,0.035000000149011612)));
#6928=IFCINDEXEDPOLYCURVE(#6927,(IFCLINEINDEX((1,2,3,4,1))),$);
#6929=IFCARBITRARYCLOSEDPROFILEDEF(.AREA.,$,#6928);
#6930=IFCCARTESIANPOINT((0.02500000037252903,0.02500000037252903,0.02500000037252903));
#6931=IFCDIRECTION((0.,0.,1.));
#6932=IFCDIRECTION((1.,0.,0.));
#6933=IFCAXIS2PLACEMENT3D(#6930,#6931,#6932);
#6934=IFCDIRECTION((0.,0.,1.));
#6935=IFCEXTRUDEDAREASOLID(#6929,#6933,#6934,1.9499999992549419);
#6936=IFCCARTESIANPOINTLIST2D(((0.,0.),(0.,-0.040000000000000001),(-0.11999999999999988,-0.040000000000000001),(-0.11999999999999988,-0.02),(-0.020000000000000018,-0.02),(-0.020000000000000018,0.)));
#6937=IFCINDEXEDPOLYCURVE(#6936,(IFCLINEINDEX((1,2,3,4,5,6,1))),$);
#6938=IFCARBITRARYCLOSEDPROFILEDEF(.AREA.,$,#6937);
#6939=IFCCARTESIANPOINT((0.82499997578561302,0.02500000037252903,1.015000000372529));
#6940=IFCDIRECTION((0.,0.,1.));
#6941=IFCDIRECTION((1.,0.,0.));
#6942=IFCAXIS2PLACEMENT3D(#6939,#6940,#6941);
#6943=IFCDIRECTION((0.,0.,1.));
#6944=IFCEXTRUDEDAREASOLID(#6938,#6942,#6943,0.02);
#6945=IFCEXTRUDEDAREASOLID(#6946,#6949,#6953,0.02);
#6946=IFCARBITRARYCLOSEDPROFILEDEF(.AREA.,$,#6947);
#6947=IFCINDEXEDPOLYCURVE(#6948,(IFCLINEINDEX((1,2,3,4,5,6,1))),$);
#6948=IFCCARTESIANPOINTLIST2D(((0.,0.),(0.,0.040000000000000008),(-0.11999999999999988,0.040000000000000008),(-0.11999999999999988,0.020000000000000004),(-0.020000000000000018,0.020000000000000004),(-0.020000000000000018,0.)));
#6949=IFCAXIS2PLACEMENT3D(#6950,#6951,#6952);
#6950=IFCCARTESIANPOINT((0.82499997578561302,0.060000000521540642,1.015000000372529));
#6951=IFCDIRECTION((0.,0.,1.));
#6952=IFCDIRECTION((1.,0.,0.));
#6953=IFCDIRECTION((0.,0.,1.));
#6954=IFCSHAPEREPRESENTATION(#11,'Body','SweptSolid',(#6890,#6899,#6935,#6944,#6945,#6908,#6917,#6926));
#6955=IFCCARTESIANPOINT((0.,0.,0.));
#6956=IFCDIRECTION((1.,0.,0.));
#6957=IFCDIRECTION((0.,0.,1.));
#6958=IFCAXIS2PLACEMENT3D(#6955,#6957,#6956);
#6959=IFCREPRESENTATIONMAP(#6958,#6954);
#6960=IFCCARTESIANPOINTLIST2D(((0.,0.),(0.,0.05000000074505806),(0.02500000037252903,0.05000000074505806),(0.02500000037252903,0.02500000037252903),(0.05000000074505806,0.02500000037252903),(0.05000000074505806,0.)));
#6961=IFCINDEXEDPOLYCURVE(#6960,(IFCLINEINDEX((1,2,3,4,5,6,1))),$);
#6962=IFCINDEXEDPOLYCURVE(#6963,(IFCLINEINDEX((1,2,3,4,5,6,1))),$);
#6963=IFCCARTESIANPOINTLIST2D(((0.89999997615814209,0.),(0.89999997615814209,0.05000000074505806),(0.87499997578561306,0.05000000074505806),(0.87499997578561306,0.02500000037252903),(0.84999997541308403,0.02500000037252903),(0.84999997541308403,0.)));
#6964=IFCDIRECTION((1.,0.));
#6965=IFCCARTESIANPOINT((0.060000000521540642,0.05000000074505806));
#6966=IFCAXIS2PLACEMENT2D(#6965,#6964);
#6967=IFCELLIPSE(#6966,0.81499997526407242,0.84999997541308403);
#6968=IFCCARTESIANPOINT((0.87499997578561306,0.05000000074505806));
#6969=IFCCARTESIANPOINT((0.060000000521540642,0.89999997615814209));
#6970=IFCTRIMMEDCURVE(#6967,(#6968),(#6969),.T.,.CARTESIAN.);
#6971=IFCCARTESIANPOINTLIST2D(((0.02500000037252903,0.05000000074505806),(0.060000000521540642,0.05000000074505806),(0.060000000521540642,0.89999997615814209),(0.02500000037252903,0.89999997615814209)));
#6972=IFCINDEXEDPOLYCURVE(#6971,(IFCLINEINDEX((1,2,3,4,1))),$);
#6973=IFCSHAPEREPRESENTATION(#24,'Body','Curve2D',(#6961,#6962,#6970,#6972));
#6974=IFCCARTESIANPOINT((0.,0.,0.));
#6975=IFCDIRECTION((1.,0.,0.));
#6976=IFCDIRECTION((0.,0.,1.));
#6977=IFCAXIS2PLACEMENT3D(#6974,#6976,#6975);
#6978=IFCREPRESENTATIONMAP(#6977,#6973);
#6979=IFCDOOR('1urosg1HL6z8jE4k3yOt63',$,'Door',$,$,#7389,#6988,$,2.,0.89999997615814209,$,$,$);
#6980=IFCRELDEFINESBYTYPE('2q7C_F57b7axsSL_PmS2hN',$,$,$,(#6979),#6871);
#6981=IFCCARTESIANPOINT((0.,0.,0.));
#6982=IFCDIRECTION((1.,0.,0.));
#6983=IFCDIRECTION((0.,1.,0.));
#6984=IFCDIRECTION((0.,0.,1.));
#6985=IFCCARTESIANTRANSFORMATIONOPERATOR3D(#6982,#6983,#6981,1.,#6984);
#6986=IFCMAPPEDITEM(#6881,#6985);
#6987=IFCSHAPEREPRESENTATION(#18,'Profile','MappedRepresentation',(#6986));
#6988=IFCPRODUCTDEFINITIONSHAPE($,$,(#6987,#6995,#7002));
#6989=IFCCARTESIANPOINT((0.,0.,0.));
#6990=IFCDIRECTION((1.,0.,0.));
#6991=IFCDIRECTION((0.,1.,0.));
#6992=IFCDIRECTION((0.,0.,1.));
#6993=IFCCARTESIANTRANSFORMATIONOPERATOR3D(#6990,#6991,#6989,1.,#6992);
#6994=IFCMAPPEDITEM(#6959,#6993);
#6995=IFCSHAPEREPRESENTATION(#11,'Body','MappedRepresentation',(#6994));
#6996=IFCCARTESIANPOINT((0.,0.,0.));
#6997=IFCDIRECTION((1.,0.,0.));
#6998=IFCDIRECTION((0.,1.,0.));
#6999=IFCDIRECTION((0.,0.,1.));
#7000=IFCCARTESIANTRANSFORMATIONOPERATOR3D(#6997,#6998,#6996,1.,#6999);
#7001=IFCMAPPEDITEM(#6978,#7000);
#7002=IFCSHAPEREPRESENTATION(#24,'Body','MappedRepresentation',(#7001));
#7174=IFCSURFACESTYLE('Grass_Texture',.BOTH.,(#7176,#7180));
#7176=IFCSURFACESTYLERENDERING(#7177,0.,$,$,$,$,$,$,.NOTDEFINED.);
#7177=IFCCOLOURRGB($,1.,1.,1.);
#7178=IFCIMAGETEXTURE($,$,'DIFFUSE',$,$,'Grass_Texture.webp');
#7179=IFCTEXTURECOORDINATEGENERATOR((#7178),'COORD',$);
#7180=IFCSURFACESTYLEWITHTEXTURES((#7178));
#7181=IFCSLABTYPE('2vW6UJ5h97LP3HpmitYUOb',$,'Roof Slab',$,$,(#7182),$,$,$,.FLOOR.);
#7182=IFCPROPERTYSET('1RWqgCTS9ChgyuHDSgoNMX',$,'EPset_Parametric',$,(#7183));
#7183=IFCPROPERTYSINGLEVALUE('LayerSetDirection',$,IFCLABEL('AXIS3'),$);
#7184=IFCRELASSOCIATESMATERIAL('32q9uSGyLDpAqWENpkkOv0',$,$,$,(#7181),#7185);
#7185=IFCMATERIALLAYERSET((#7186),$,$);
#7186=IFCMATERIALLAYER(#81,0.10000000000000001,$,$,$,$,$);
#7187=IFCSLAB('2b$K4p23H0C903r1I3rR7$',$,'Slab',$,$,#7399,#7202,$,$);
#7188=IFCRELDEFINESBYTYPE('2ytBKvZZzATOolcrQ3_TQh',$,$,$,(#7187),#7181);
#7189=IFCMATERIALLAYERSETUSAGE(#7185,.AXIS3.,.POSITIVE.,-0.10000000149011612,$);
#7190=IFCRELASSOCIATESMATERIAL('0ujSpYNjfEdgZ$LwO_Ed1F',$,$,$,(#7187),#7189);
#7196=IFCCARTESIANPOINTLIST2D(((0.,0.),(10.,0.),(10.,-10.),(0.,-10.),(0.,0.)));
#7197=IFCINDEXEDPOLYCURVE(#7196,$,$);
#7198=IFCDIRECTION((0.,0.,1.));
#7199=IFCARBITRARYCLOSEDPROFILEDEF(.AREA.,$,#7197);
#7200=IFCEXTRUDEDAREASOLID(#7199,#7209,#7198,0.10000000000000001);
#7201=IFCSHAPEREPRESENTATION(#11,'Body','SweptSolid',(#7200));
#7202=IFCPRODUCTDEFINITIONSHAPE($,$,(#7201));
#7203=IFCPROPERTYSET('2dMxfV0Pj38A7pDVkKreeR',$,'EPset_Parametric',$,(#7205));
#7204=IFCRELDEFINESBYPROPERTIES('2yfQ74Rp90nwoZiEXH9VI4',$,$,$,(#7187),#7203);
#7205=IFCPROPERTYSINGLEVALUE('Engine',$,IFCLABEL('Bonsai.DumbLayer3'),$);
#7206=IFCCARTESIANPOINT((-0.,-0.,-0.10000000149011612));
#7207=IFCDIRECTION((0.,0.,1.));
#7208=IFCDIRECTION((1.,0.,0.));
#7209=IFCAXIS2PLACEMENT3D(#7206,#7207,#7208);
#7220=IFCCARTESIANPOINT((0.,0.,3.));
#7221=IFCDIRECTION((0.,0.,1.));
#7222=IFCDIRECTION((1.,0.,0.));
#7223=IFCAXIS2PLACEMENT3D(#7220,#7221,#7222);
#7224=IFCLOCALPLACEMENT(#56,#7223);
#7225=IFCCARTESIANPOINT((0.22122740745544434,1.6743161678314209,3.1015424728393555));
#7226=IFCDIRECTION((0.,0.,1.));
#7227=IFCDIRECTION((1.,0.,0.));
#7228=IFCAXIS2PLACEMENT3D(#7225,#7226,#7227);
#7229=IFCLOCALPLACEMENT(#7224,#7228);
#7230=IFCCARTESIANPOINT((0.51571875810623169,-2.2026393413543701,0.));
#7231=IFCDIRECTION((0.,0.,1.));
#7232=IFCDIRECTION((1.,0.,0.));
#7233=IFCAXIS2PLACEMENT3D(#7230,#7231,#7232);
#7234=IFCLOCALPLACEMENT(#7224,#7233);
#7235=IFCCARTESIANPOINT((1.3815040588378906,0.49369314312934875,0.));
#7236=IFCDIRECTION((0.,0.,1.));
#7237=IFCDIRECTION((-0.99999999999994693,-3.2584136988587576E-07,0.));
#7238=IFCAXIS2PLACEMENT3D(#7235,#7236,#7237);
#7239=IFCLOCALPLACEMENT(#7224,#7238);
#7240=IFCCARTESIANPOINT((0.37037831544876099,1.5694456100463867,0.));
#7241=IFCDIRECTION((0.,0.,1.));
#7242=IFCDIRECTION((-4.3711388286737889E-08,0.99999999999999911,0.));
#7243=IFCAXIS2PLACEMENT3D(#7240,#7241,#7242);
#7244=IFCLOCALPLACEMENT(#7224,#7243);
#7245=IFCCARTESIANPOINT((0.36903089284896851,2.7209658622741699,0.));
#7246=IFCDIRECTION((0.,0.,1.));
#7247=IFCDIRECTION((-4.3711388286737889E-08,0.99999999999999911,0.));
#7248=IFCAXIS2PLACEMENT3D(#7245,#7246,#7247);
#7249=IFCLOCALPLACEMENT(#7224,#7248);
#7250=IFCCARTESIANPOINT((0.62127381563186646,4.9064908027648926,0.));
#7251=IFCDIRECTION((0.,0.,1.));
#7252=IFCDIRECTION((1.,0.,0.));
#7253=IFCAXIS2PLACEMENT3D(#7250,#7251,#7252);
#7254=IFCLOCALPLACEMENT(#7224,#7253);
#7255=IFCCARTESIANPOINT((0.88193511962890625,-3.0784106254577637,0.));
#7256=IFCDIRECTION((0.,0.,1.));
#7257=IFCDIRECTION((1.,0.,0.));
#7258=IFCAXIS2PLACEMENT3D(#7255,#7256,#7257);
#7259=IFCLOCALPLACEMENT(#7224,#7258);
#7260=IFCCARTESIANPOINT((-2.2998731136322021,-3.0782380104064941,0.));
#7261=IFCDIRECTION((0.,0.,1.));
#7262=IFCDIRECTION((1.,0.,0.));
#7263=IFCAXIS2PLACEMENT3D(#7260,#7261,#7262);
#7264=IFCLOCALPLACEMENT(#7224,#7263);
#7265=IFCCARTESIANPOINT((-0.70164299011230469,-3.0763077735900879,0.));
#7266=IFCDIRECTION((0.,0.,1.));
#7267=IFCDIRECTION((1.,0.,0.));
#7268=IFCAXIS2PLACEMENT3D(#7265,#7266,#7267);
#7269=IFCLOCALPLACEMENT(#7224,#7268);
#7270=IFCCARTESIANPOINT((-3.2461540699005127,-2.1279191970825195,0.));
#7271=IFCDIRECTION((0.,0.,1.));
#7272=IFCDIRECTION((-4.3711388286737889E-08,0.99999999999999911,0.));
#7273=IFCAXIS2PLACEMENT3D(#7270,#7271,#7272);
#7274=IFCLOCALPLACEMENT(#7224,#7273);
#7275=IFCCARTESIANPOINT((3.1047842502593994,0.44826811552047729,0.));
#7276=IFCDIRECTION((0.,0.,1.));
#7277=IFCDIRECTION((1.,0.,0.));
#7278=IFCAXIS2PLACEMENT3D(#7275,#7276,#7277);
#7279=IFCLOCALPLACEMENT(#7224,#7278);
#7280=IFCCARTESIANPOINT((2.4425239562988281,0.44826811552047729,0.));
#7281=IFCDIRECTION((0.,0.,1.));
#7282=IFCDIRECTION((1.,0.,0.));
#7283=IFCAXIS2PLACEMENT3D(#7280,#7281,#7282);
#7284=IFCLOCALPLACEMENT(#7224,#7283);
#7285=IFCCARTESIANPOINT((1.4690637588500977,0.39656761288642883,0.));
#7286=IFCDIRECTION((0.,0.,1.));
#7287=IFCDIRECTION((-4.3711388286737889E-08,0.99999999999999911,0.));
#7288=IFCAXIS2PLACEMENT3D(#7285,#7286,#7287);
#7289=IFCLOCALPLACEMENT(#7224,#7288);
#7290=IFCCARTESIANPOINT((-3.2787723541259766,5.5337920188903809,0.));
#7291=IFCDIRECTION((0.,0.,1.));
#7292=IFCDIRECTION((1.,0.,0.));
#7293=IFCAXIS2PLACEMENT3D(#7290,#7291,#7292);
#7294=IFCLOCALPLACEMENT(#7224,#7293);
#7295=IFCCARTESIANPOINT((1.8512282371520996,-2.2062082290649414,0.));
#7296=IFCDIRECTION((0.,0.,1.));
#7297=IFCDIRECTION((1.9470718370939353E-07,-0.99999999999998113,0.));
#7298=IFCAXIS2PLACEMENT3D(#7295,#7296,#7297);
#7299=IFCLOCALPLACEMENT(#7224,#7298);
#7300=IFCCARTESIANPOINT((1.8512283563613892,-3.106208324432373,0.));
#7301=IFCDIRECTION((0.,0.,1.));
#7302=IFCDIRECTION((1.,0.,0.));
#7303=IFCAXIS2PLACEMENT3D(#7300,#7301,#7302);
#7304=IFCLOCALPLACEMENT(#7224,#7303);
#7305=IFCCARTESIANPOINT((4.2212281227111816,-3.106208324432373,0.));
#7306=IFCDIRECTION((0.,0.,1.));
#7307=IFCDIRECTION((1.9470718370939353E-07,0.99999999999998113,0.));
#7308=IFCAXIS2PLACEMENT3D(#7305,#7306,#7307);
#7309=IFCLOCALPLACEMENT(#7224,#7308);
#7310=IFCCARTESIANPOINT((4.221229076385498,6.5037918090820312,0.));
#7311=IFCDIRECTION((0.,0.,1.));
#7312=IFCDIRECTION((-0.99999999999998868,-1.5099580252808492E-07,0.));
#7313=IFCAXIS2PLACEMENT3D(#7310,#7311,#7312);
#7314=IFCLOCALPLACEMENT(#7224,#7313);
#7315=IFCCARTESIANPOINT((0.22122740745544434,6.503791332244873,0.));
#7316=IFCDIRECTION((0.,0.,1.));
#7317=IFCDIRECTION((3.1391647326016301E-07,-0.99999999999995071,0.));
#7318=IFCAXIS2PLACEMENT3D(#7315,#7316,#7317);
#7319=IFCLOCALPLACEMENT(#7224,#7318);
#7320=IFCCARTESIANPOINT((0.22122772037982941,5.5337905883789062,0.));
#7321=IFCDIRECTION((0.,0.,1.));
#7322=IFCDIRECTION((-0.99999999999992428,3.8941436741876494E-07,0.));
#7323=IFCAXIS2PLACEMENT3D(#7320,#7321,#7322);
#7324=IFCLOCALPLACEMENT(#7224,#7323);
#7325=IFCCARTESIANPOINT((-3.2787723541259766,5.5337920188903809,0.));
#7326=IFCDIRECTION((0.,0.,1.));
#7327=IFCDIRECTION((1.9470718370939353E-07,-0.99999999999998113,0.));
#7328=IFCAXIS2PLACEMENT3D(#7325,#7326,#7327);
#7329=IFCLOCALPLACEMENT(#7224,#7328);
#7330=IFCCARTESIANPOINT((-3.2787718772888184,-1.6162090301513672,0.));
#7331=IFCDIRECTION((0.,0.,1.));
#7332=IFCDIRECTION((1.,0.,0.));
#7333=IFCAXIS2PLACEMENT3D(#7330,#7331,#7332);
#7334=IFCLOCALPLACEMENT(#7224,#7333);
#7335=IFCCARTESIANPOINT((0.27122807502746582,-1.6162090301513672,0.));
#7336=IFCDIRECTION((0.,0.,1.));
#7337=IFCDIRECTION((7.5497901264043123E-08,-0.99999999999999722,0.));
#7338=IFCAXIS2PLACEMENT3D(#7335,#7336,#7337);
#7339=IFCLOCALPLACEMENT(#7224,#7338);
#7340=IFCCARTESIANPOINT((0.27122804522514343,-2.206298828125,0.));
#7341=IFCDIRECTION((0.,0.,1.));
#7342=IFCDIRECTION((0.99999999999997158,2.3841857910155572E-07,0.));
#7343=IFCAXIS2PLACEMENT3D(#7340,#7341,#7342);
#7344=IFCLOCALPLACEMENT(#7224,#7343);
#7345=IFCCARTESIANPOINT((0.37028041481971741,0.39610573649406433,0.));
#7346=IFCDIRECTION((0.,0.,1.));
#7347=IFCDIRECTION((1.,0.,0.));
#7348=IFCAXIS2PLACEMENT3D(#7345,#7346,#7347);
#7349=IFCLOCALPLACEMENT(#7224,#7348);
#7350=IFCCARTESIANPOINT((0.37028005719184875,-1.4662090539932251,0.));
#7351=IFCDIRECTION((0.,0.,1.));
#7352=IFCDIRECTION((1.9470718370939353E-07,0.99999999999998113,0.));
#7353=IFCAXIS2PLACEMENT3D(#7350,#7351,#7352);
#7354=IFCLOCALPLACEMENT(#7224,#7353);
#7355=IFCCARTESIANPOINT((-3.1287717819213867,2.5382397174835205,0.));
#7356=IFCDIRECTION((0.,0.,1.));
#7357=IFCDIRECTION((1.,0.,0.));
#7358=IFCAXIS2PLACEMENT3D(#7355,#7356,#7357);
#7359=IFCLOCALPLACEMENT(#7224,#7358);
#7360=IFCCARTESIANPOINT((0.37028130888938904,4.9069600105285645,0.));
#7361=IFCDIRECTION((0.,0.,1.));
#7362=IFCDIRECTION((0.99999999999997158,2.3841857910155572E-07,0.));
#7363=IFCAXIS2PLACEMENT3D(#7360,#7361,#7362);
#7364=IFCLOCALPLACEMENT(#7224,#7363);
#7365=IFCCARTESIANPOINT((2.1556980609893799,-3.1673693656921387,0.84000802040100098));
#7366=IFCDIRECTION((0.,0.,1.));
#7367=IFCDIRECTION((1.,0.,0.));
#7368=IFCAXIS2PLACEMENT3D(#7365,#7366,#7367);
#7369=IFCLOCALPLACEMENT(#7224,#7368);
#7370=IFCCARTESIANPOINT((-3.3352620601654053,-0.58647704124450684,0.84000802040100098));
#7371=IFCDIRECTION((0.,0.,1.));
#7372=IFCDIRECTION((-4.3711388286737889E-08,-0.99999999999999911,0.));
#7373=IFCAXIS2PLACEMENT3D(#7370,#7371,#7372);
#7374=IFCLOCALPLACEMENT(#7224,#7373);
#7375=IFCCARTESIANPOINT((-0.22828680276870728,5.5938687324523926,0.84000778198242188));
#7376=IFCDIRECTION((0.,0.,1.));
#7377=IFCDIRECTION((-0.99999999999994693,-3.2584136988587576E-07,0.));
#7378=IFCAXIS2PLACEMENT3D(#7375,#7376,#7377);
#7379=IFCLOCALPLACEMENT(#7224,#7378);
#7380=IFCCARTESIANPOINT((0.16320019960403442,6.2473230361938477,2.0677042007446289));
#7381=IFCDIRECTION((0.,0.,1.));
#7382=IFCDIRECTION((-4.3711388286737889E-08,-0.99999999999999911,0.));
#7383=IFCAXIS2PLACEMENT3D(#7380,#7381,#7382);
#7384=IFCLOCALPLACEMENT(#7224,#7383);
#7385=IFCCARTESIANPOINT((-1.8899537324905396,-1.6142096519470215,0.));
#7386=IFCDIRECTION((0.,0.,1.));
#7387=IFCDIRECTION((0.99999999999997158,-2.3841857910155572E-07,0.));
#7388=IFCAXIS2PLACEMENT3D(#7385,#7386,#7387);
#7389=IFCLOCALPLACEMENT(#7224,#7388);
#7395=IFCCARTESIANPOINT((-4.7787723541259766,6.67431640625,2.9999995231628418));
#7396=IFCDIRECTION((0.,0.,1.));
#7397=IFCDIRECTION((1.,0.,0.));
#7398=IFCAXIS2PLACEMENT3D(#7395,#7396,#7397);
#7399=IFCLOCALPLACEMENT(#7224,#7398);
#7400=IFCCARTESIANPOINT((-2.7816519737243652,5.039970874786377,0.0099999997764825821));
#7401=IFCDIRECTION((0.,0.,1.));
#7402=IFCDIRECTION((1.,0.,0.));
#7403=IFCAXIS2PLACEMENT3D(#7400,#7401,#7402);
#7404=IFCLOCALPLACEMENT(#62,#7403);
ENDSEC;
END-ISO-10303-21;
